district,latitude,longitude,terrain_risk,rainfall_risk,risk_score
Micro Zone,8.0,68.0,High,High,6
Micro Zone,8.0,68.5,Low,High,4
Micro Zone,8.0,69.0,High,Low,4
Micro Zone,8.0,69.5,High,Moderate,5
Micro Zone,8.0,70.0,Moderate,High,5
Micro Zone,8.0,70.5,High,High,6
Micro Zone,8.0,71.0,Low,Low,2
Micro Zone,8.0,71.5,Low,High,4
Micro Zone,8.0,72.0,Moderate,Moderate,4
Micro Zone,8.0,72.5,Moderate,Moderate,4
Micro Zone,8.0,73.0,Low,Low,2
Micro Zone,8.0,73.5,Low,Moderate,3
Micro Zone,8.0,74.0,Low,Moderate,3
Micro Zone,8.0,74.5,High,Moderate,5
Micro Zone,8.0,75.0,High,Low,4
Micro Zone,8.0,75.5,Moderate,Moderate,4
Micro Zone,8.0,76.0,Low,High,4
Micro Zone,8.0,76.5,High,High,6
Micro Zone,8.0,77.0,High,High,6
Micro Zone,8.0,77.5,Moderate,High,5
Micro Zone,8.0,78.0,Moderate,Moderate,4
Micro Zone,8.0,78.5,Low,High,4
Micro Zone,8.0,79.0,Low,High,4
Micro Zone,8.0,79.5,Low,Low,2
Micro Zone,8.0,80.0,High,High,6
Micro Zone,8.0,80.5,Low,High,4
Micro Zone,8.0,81.0,Low,High,4
Micro Zone,8.0,81.5,Low,Moderate,3
Micro Zone,8.0,82.0,High,Moderate,5
Micro Zone,8.0,82.5,Low,Moderate,3
Micro Zone,8.0,83.0,Moderate,Moderate,4
Micro Zone,8.0,83.5,High,Low,4
Micro Zone,8.0,84.0,Moderate,High,5
Micro Zone,8.0,84.5,Moderate,Moderate,4
Micro Zone,8.0,85.0,Moderate,Moderate,4
Micro Zone,8.0,85.5,Moderate,Low,3
Micro Zone,8.0,86.0,Moderate,Moderate,4
Micro Zone,8.0,86.5,High,Low,4
Micro Zone,8.0,87.0,Moderate,High,5
Micro Zone,8.0,87.5,High,High,6
Micro Zone,8.0,88.0,Moderate,High,5
Micro Zone,8.0,88.5,High,Moderate,5
Micro Zone,8.0,89.0,High,Moderate,5
Micro Zone,8.0,89.5,Low,Moderate,3
Micro Zone,8.0,90.0,Low,High,4
Micro Zone,8.0,90.5,Low,High,4
Micro Zone,8.0,91.0,High,Low,4
Micro Zone,8.0,91.5,High,Moderate,5
Micro Zone,8.0,92.0,Moderate,Moderate,4
Micro Zone,8.0,92.5,High,Low,4
Micro Zone,8.0,93.0,High,High,6
Micro Zone,8.0,93.5,Moderate,High,5
Micro Zone,8.0,94.0,High,High,6
Micro Zone,8.0,94.5,Low,Moderate,3
Micro Zone,8.0,95.0,High,Low,4
Micro Zone,8.0,95.5,Low,Low,2
Micro Zone,8.0,96.0,Moderate,Moderate,4
Micro Zone,8.0,96.5,Moderate,Low,3
Micro Zone,8.5,68.0,Low,High,4
Micro Zone,8.5,68.5,Low,High,4
Micro Zone,8.5,69.0,Moderate,Low,3
Micro Zone,8.5,69.5,Moderate,Moderate,4
Micro Zone,8.5,70.0,Moderate,Moderate,4
Micro Zone,8.5,70.5,Moderate,Low,3
Micro Zone,8.5,71.0,Low,Moderate,3
Micro Zone,8.5,71.5,High,Low,4
Micro Zone,8.5,72.0,Moderate,High,5
Micro Zone,8.5,72.5,High,High,6
Micro Zone,8.5,73.0,High,Low,4
Micro Zone,8.5,73.5,High,Moderate,5
Micro Zone,8.5,74.0,Low,Moderate,3
Micro Zone,8.5,74.5,High,Moderate,5
Micro Zone,8.5,75.0,Low,Low,2
Micro Zone,8.5,75.5,High,High,6
Micro Zone,8.5,76.0,High,Moderate,5
Micro Zone,8.5,76.5,High,Moderate,5
Micro Zone,8.5,77.0,High,High,6
Micro Zone,8.5,77.5,High,High,6
Micro Zone,8.5,78.0,Moderate,Moderate,4
Micro Zone,8.5,78.5,Moderate,High,5
Micro Zone,8.5,79.0,Moderate,Moderate,4
Micro Zone,8.5,79.5,High,High,6
Micro Zone,8.5,80.0,High,High,6
Micro Zone,8.5,80.5,Moderate,High,5
Micro Zone,8.5,81.0,Low,High,4
Micro Zone,8.5,81.5,Moderate,Low,3
Micro Zone,8.5,82.0,High,Moderate,5
Micro Zone,8.5,82.5,Low,High,4
Micro Zone,8.5,83.0,Low,Moderate,3
Micro Zone,8.5,83.5,Moderate,High,5
Micro Zone,8.5,84.0,High,Low,4
Micro Zone,8.5,84.5,Low,Moderate,3
Micro Zone,8.5,85.0,High,Moderate,5
Micro Zone,8.5,85.5,Low,High,4
Micro Zone,8.5,86.0,Low,Low,2
Micro Zone,8.5,86.5,Moderate,High,5
Micro Zone,8.5,87.0,High,Moderate,5
Micro Zone,8.5,87.5,Low,High,4
Micro Zone,8.5,88.0,Moderate,Moderate,4
Micro Zone,8.5,88.5,Low,High,4
Micro Zone,8.5,89.0,High,Low,4
Micro Zone,8.5,89.5,Low,Moderate,3
Micro Zone,8.5,90.0,High,Low,4
Micro Zone,8.5,90.5,High,High,6
Micro Zone,8.5,91.0,Low,High,4
Micro Zone,8.5,91.5,High,Moderate,5
Micro Zone,8.5,92.0,High,High,6
Micro Zone,8.5,92.5,High,High,6
Micro Zone,8.5,93.0,Moderate,High,5
Micro Zone,8.5,93.5,Low,Moderate,3
Micro Zone,8.5,94.0,Moderate,Moderate,4
Micro Zone,8.5,94.5,Moderate,Low,3
Micro Zone,8.5,95.0,Moderate,Moderate,4
Micro Zone,8.5,95.5,Low,Low,2
Micro Zone,8.5,96.0,Moderate,High,5
Micro Zone,8.5,96.5,Low,High,4
Micro Zone,9.0,68.0,Low,Low,2
Micro Zone,9.0,68.5,Low,High,4
Micro Zone,9.0,69.0,Low,High,4
Micro Zone,9.0,69.5,High,High,6
Micro Zone,9.0,70.0,Low,Moderate,3
Micro Zone,9.0,70.5,High,Low,4
Micro Zone,9.0,71.0,Moderate,High,5
Micro Zone,9.0,71.5,Low,High,4
Micro Zone,9.0,72.0,Low,Low,2
Micro Zone,9.0,72.5,Low,Low,2
Micro Zone,9.0,73.0,Moderate,High,5
Micro Zone,9.0,73.5,High,Low,4
Micro Zone,9.0,74.0,Moderate,High,5
Micro Zone,9.0,74.5,High,Moderate,5
Micro Zone,9.0,75.0,Moderate,High,5
Micro Zone,9.0,75.5,High,Low,4
Micro Zone,9.0,76.0,Moderate,Moderate,4
Micro Zone,9.0,76.5,Low,Low,2
Micro Zone,9.0,77.0,High,Low,4
Micro Zone,9.0,77.5,High,Low,4
Micro Zone,9.0,78.0,Low,Low,2
Micro Zone,9.0,78.5,Moderate,High,5
Micro Zone,9.0,79.0,High,High,6
Micro Zone,9.0,79.5,Moderate,Moderate,4
Micro Zone,9.0,80.0,High,Moderate,5
Micro Zone,9.0,80.5,Moderate,High,5
Micro Zone,9.0,81.0,High,High,6
Micro Zone,9.0,81.5,Low,Low,2
Micro Zone,9.0,82.0,High,Moderate,5
Micro Zone,9.0,82.5,Moderate,High,5
Micro Zone,9.0,83.0,Low,High,4
Micro Zone,9.0,83.5,High,High,6
Micro Zone,9.0,84.0,Moderate,Moderate,4
Micro Zone,9.0,84.5,Low,High,4
Micro Zone,9.0,85.0,Moderate,Moderate,4
Micro Zone,9.0,85.5,Moderate,Moderate,4
Micro Zone,9.0,86.0,Moderate,Moderate,4
Micro Zone,9.0,86.5,Moderate,High,5
Micro Zone,9.0,87.0,Moderate,Moderate,4
Micro Zone,9.0,87.5,Moderate,Moderate,4
Micro Zone,9.0,88.0,High,Low,4
Micro Zone,9.0,88.5,Low,Moderate,3
Micro Zone,9.0,89.0,Low,Moderate,3
Micro Zone,9.0,89.5,High,Low,4
Micro Zone,9.0,90.0,High,Low,4
Micro Zone,9.0,90.5,High,High,6
Micro Zone,9.0,91.0,Moderate,Moderate,4
Micro Zone,9.0,91.5,Moderate,Low,3
Micro Zone,9.0,92.0,Moderate,Moderate,4
Micro Zone,9.0,92.5,High,Moderate,5
Micro Zone,9.0,93.0,Low,Moderate,3
Micro Zone,9.0,93.5,Low,Low,2
Micro Zone,9.0,94.0,Low,High,4
Micro Zone,9.0,94.5,Moderate,High,5
Micro Zone,9.0,95.0,Low,High,4
Micro Zone,9.0,95.5,Low,Moderate,3
Micro Zone,9.0,96.0,Moderate,Moderate,4
Micro Zone,9.0,96.5,Low,High,4
Micro Zone,9.5,68.0,Moderate,High,5
Micro Zone,9.5,68.5,Low,High,4
Micro Zone,9.5,69.0,Low,High,4
Micro Zone,9.5,69.5,High,High,6
Micro Zone,9.5,70.0,Moderate,Moderate,4
Micro Zone,9.5,70.5,Low,Low,2
Micro Zone,9.5,71.0,Low,High,4
Micro Zone,9.5,71.5,High,Moderate,5
Micro Zone,9.5,72.0,Moderate,Low,3
Micro Zone,9.5,72.5,Low,High,4
Micro Zone,9.5,73.0,High,Moderate,5
Micro Zone,9.5,73.5,Moderate,Moderate,4
Micro Zone,9.5,74.0,Low,Moderate,3
Micro Zone,9.5,74.5,High,High,6
Micro Zone,9.5,75.0,Low,High,4
Micro Zone,9.5,75.5,Low,High,4
Micro Zone,9.5,76.0,Low,Moderate,3
Micro Zone,9.5,76.5,High,High,6
Micro Zone,9.5,77.0,High,Low,4
Micro Zone,9.5,77.5,Low,High,4
Micro Zone,9.5,78.0,Low,Moderate,3
Micro Zone,9.5,78.5,Low,High,4
Micro Zone,9.5,79.0,Low,Moderate,3
Micro Zone,9.5,79.5,High,Moderate,5
Micro Zone,9.5,80.0,Low,Moderate,3
Micro Zone,9.5,80.5,Moderate,Moderate,4
Micro Zone,9.5,81.0,Low,Low,2
Micro Zone,9.5,81.5,High,Moderate,5
Micro Zone,9.5,82.0,High,Moderate,5
Micro Zone,9.5,82.5,Low,High,4
Micro Zone,9.5,83.0,High,Moderate,5
Micro Zone,9.5,83.5,Moderate,Moderate,4
Micro Zone,9.5,84.0,High,Moderate,5
Micro Zone,9.5,84.5,High,Moderate,5
Micro Zone,9.5,85.0,Low,Low,2
Micro Zone,9.5,85.5,Moderate,High,5
Micro Zone,9.5,86.0,Moderate,High,5
Micro Zone,9.5,86.5,High,Low,4
Micro Zone,9.5,87.0,Low,High,4
Micro Zone,9.5,87.5,Low,High,4
Micro Zone,9.5,88.0,High,High,6
Micro Zone,9.5,88.5,Moderate,Moderate,4
Micro Zone,9.5,89.0,Low,High,4
Micro Zone,9.5,89.5,Low,Low,2
Micro Zone,9.5,90.0,Moderate,High,5
Micro Zone,9.5,90.5,Moderate,Moderate,4
Micro Zone,9.5,91.0,Low,Moderate,3
Micro Zone,9.5,91.5,Low,Low,2
Micro Zone,9.5,92.0,Moderate,Moderate,4
Micro Zone,9.5,92.5,High,Moderate,5
Micro Zone,9.5,93.0,Moderate,Low,3
Micro Zone,9.5,93.5,Moderate,High,5
Micro Zone,9.5,94.0,Moderate,Moderate,4
Micro Zone,9.5,94.5,Moderate,Low,3
Micro Zone,9.5,95.0,Moderate,Moderate,4
Micro Zone,9.5,95.5,Moderate,Moderate,4
Micro Zone,9.5,96.0,High,High,6
Micro Zone,9.5,96.5,Low,Moderate,3
Micro Zone,10.0,68.0,Low,Low,2
Micro Zone,10.0,68.5,Moderate,Moderate,4
Micro Zone,10.0,69.0,High,Moderate,5
Micro Zone,10.0,69.5,Moderate,High,5
Micro Zone,10.0,70.0,High,High,6
Micro Zone,10.0,70.5,Moderate,High,5
Micro Zone,10.0,71.0,Moderate,Low,3
Micro Zone,10.0,71.5,Moderate,Moderate,4
Micro Zone,10.0,72.0,Low,Low,2
Micro Zone,10.0,72.5,High,Low,4
Micro Zone,10.0,73.0,High,Low,4
Micro Zone,10.0,73.5,Moderate,High,5
Micro Zone,10.0,74.0,Low,High,4
Micro Zone,10.0,74.5,Moderate,Moderate,4
Micro Zone,10.0,75.0,High,Moderate,5
Micro Zone,10.0,75.5,Low,Moderate,3
Micro Zone,10.0,76.0,Moderate,Moderate,4
Micro Zone,10.0,76.5,High,High,6
Micro Zone,10.0,77.0,High,High,6
Micro Zone,10.0,77.5,High,High,6
Micro Zone,10.0,78.0,High,Moderate,5
Micro Zone,10.0,78.5,Low,High,4
Micro Zone,10.0,79.0,High,High,6
Micro Zone,10.0,79.5,High,High,6
Micro Zone,10.0,80.0,Moderate,High,5
Micro Zone,10.0,80.5,Low,High,4
Micro Zone,10.0,81.0,Moderate,Moderate,4
Micro Zone,10.0,81.5,Low,High,4
Micro Zone,10.0,82.0,Moderate,Moderate,4
Micro Zone,10.0,82.5,Low,Low,2
Micro Zone,10.0,83.0,Moderate,High,5
Micro Zone,10.0,83.5,Moderate,Moderate,4
Micro Zone,10.0,84.0,Moderate,High,5
Micro Zone,10.0,84.5,Low,Moderate,3
Micro Zone,10.0,85.0,Low,Moderate,3
Micro Zone,10.0,85.5,High,Moderate,5
Micro Zone,10.0,86.0,Low,High,4
Micro Zone,10.0,86.5,High,Moderate,5
Micro Zone,10.0,87.0,Low,Moderate,3
Micro Zone,10.0,87.5,High,Moderate,5
Micro Zone,10.0,88.0,Low,Moderate,3
Micro Zone,10.0,88.5,Low,Low,2
Micro Zone,10.0,89.0,High,High,6
Micro Zone,10.0,89.5,Low,High,4
Micro Zone,10.0,90.0,Low,Low,2
Micro Zone,10.0,90.5,Moderate,High,5
Micro Zone,10.0,91.0,Moderate,Moderate,4
Micro Zone,10.0,91.5,Low,Moderate,3
Micro Zone,10.0,92.0,High,Moderate,5
Micro Zone,10.0,92.5,High,Moderate,5
Micro Zone,10.0,93.0,Moderate,High,5
Micro Zone,10.0,93.5,Moderate,High,5
Micro Zone,10.0,94.0,Low,High,4
Micro Zone,10.0,94.5,Low,High,4
Micro Zone,10.0,95.0,High,Low,4
Micro Zone,10.0,95.5,High,Moderate,5
Micro Zone,10.0,96.0,Low,Low,2
Micro Zone,10.0,96.5,High,Moderate,5
Micro Zone,10.5,68.0,Low,Moderate,3
Micro Zone,10.5,68.5,Moderate,Moderate,4
Micro Zone,10.5,69.0,Moderate,Moderate,4
Micro Zone,10.5,69.5,Low,Moderate,3
Micro Zone,10.5,70.0,Moderate,Moderate,4
Micro Zone,10.5,70.5,Low,High,4
Micro Zone,10.5,71.0,Moderate,High,5
Micro Zone,10.5,71.5,Low,Moderate,3
Micro Zone,10.5,72.0,Low,High,4
Micro Zone,10.5,72.5,High,High,6
Micro Zone,10.5,73.0,Moderate,Moderate,4
Micro Zone,10.5,73.5,Moderate,High,5
Micro Zone,10.5,74.0,Low,Moderate,3
Micro Zone,10.5,74.5,Low,High,4
Micro Zone,10.5,75.0,High,High,6
Micro Zone,10.5,75.5,Low,Moderate,3
Micro Zone,10.5,76.0,High,Moderate,5
Micro Zone,10.5,76.5,Low,High,4
Micro Zone,10.5,77.0,Low,Moderate,3
Micro Zone,10.5,77.5,Low,Moderate,3
Micro Zone,10.5,78.0,High,Moderate,5
Micro Zone,10.5,78.5,High,Moderate,5
Micro Zone,10.5,79.0,Low,High,4
Micro Zone,10.5,79.5,Moderate,Low,3
Micro Zone,10.5,80.0,Low,Moderate,3
Micro Zone,10.5,80.5,Low,High,4
Micro Zone,10.5,81.0,Moderate,Moderate,4
Micro Zone,10.5,81.5,Low,High,4
Micro Zone,10.5,82.0,High,High,6
Micro Zone,10.5,82.5,Low,Moderate,3
Micro Zone,10.5,83.0,Low,Low,2
Micro Zone,10.5,83.5,Low,Moderate,3
Micro Zone,10.5,84.0,High,Moderate,5
Micro Zone,10.5,84.5,Low,High,4
Micro Zone,10.5,85.0,High,Moderate,5
Micro Zone,10.5,85.5,Low,Moderate,3
Micro Zone,10.5,86.0,Low,High,4
Micro Zone,10.5,86.5,Moderate,Moderate,4
Micro Zone,10.5,87.0,Moderate,Low,3
Micro Zone,10.5,87.5,High,Low,4
Micro Zone,10.5,88.0,Low,High,4
Micro Zone,10.5,88.5,Low,Moderate,3
Micro Zone,10.5,89.0,High,Moderate,5
Micro Zone,10.5,89.5,Low,High,4
Micro Zone,10.5,90.0,Moderate,High,5
Micro Zone,10.5,90.5,High,High,6
Micro Zone,10.5,91.0,High,Low,4
Micro Zone,10.5,91.5,Low,Low,2
Micro Zone,10.5,92.0,Low,Low,2
Micro Zone,10.5,92.5,High,High,6
Micro Zone,10.5,93.0,Low,High,4
Micro Zone,10.5,93.5,Moderate,Low,3
Micro Zone,10.5,94.0,High,Low,4
Micro Zone,10.5,94.5,Low,High,4
Micro Zone,10.5,95.0,Low,High,4
Micro Zone,10.5,95.5,Low,Low,2
Micro Zone,10.5,96.0,Low,Low,2
Micro Zone,10.5,96.5,High,Low,4
Micro Zone,11.0,68.0,Moderate,Moderate,4
Micro Zone,11.0,68.5,High,Low,4
Micro Zone,11.0,69.0,High,Moderate,5
Micro Zone,11.0,69.5,Moderate,Low,3
Micro Zone,11.0,70.0,Low,Low,2
Micro Zone,11.0,70.5,Moderate,Low,3
Micro Zone,11.0,71.0,Moderate,Moderate,4
Micro Zone,11.0,71.5,Moderate,High,5
Micro Zone,11.0,72.0,Moderate,Moderate,4
Micro Zone,11.0,72.5,Low,Moderate,3
Micro Zone,11.0,73.0,Low,High,4
Micro Zone,11.0,73.5,High,High,6
Micro Zone,11.0,74.0,High,High,6
Micro Zone,11.0,74.5,High,High,6
Micro Zone,11.0,75.0,Moderate,High,5
Micro Zone,11.0,75.5,High,Moderate,5
Micro Zone,11.0,76.0,Moderate,Low,3
Micro Zone,11.0,76.5,Low,High,4
Micro Zone,11.0,77.0,Moderate,Moderate,4
Micro Zone,11.0,77.5,Moderate,Low,3
Micro Zone,11.0,78.0,Moderate,Moderate,4
Micro Zone,11.0,78.5,Moderate,Moderate,4
Micro Zone,11.0,79.0,Low,Low,2
Micro Zone,11.0,79.5,High,High,6
Micro Zone,11.0,80.0,High,Moderate,5
Micro Zone,11.0,80.5,Low,Low,2
Micro Zone,11.0,81.0,High,Moderate,5
Micro Zone,11.0,81.5,Moderate,Moderate,4
Micro Zone,11.0,82.0,Low,Moderate,3
Micro Zone,11.0,82.5,Low,High,4
Micro Zone,11.0,83.0,Low,Low,2
Micro Zone,11.0,83.5,Low,High,4
Micro Zone,11.0,84.0,High,Moderate,5
Micro Zone,11.0,84.5,High,Moderate,5
Micro Zone,11.0,85.0,Low,Low,2
Micro Zone,11.0,85.5,Moderate,High,5
Micro Zone,11.0,86.0,High,Moderate,5
Micro Zone,11.0,86.5,High,Moderate,5
Micro Zone,11.0,87.0,Moderate,Moderate,4
Micro Zone,11.0,87.5,High,Low,4
Micro Zone,11.0,88.0,High,High,6
Micro Zone,11.0,88.5,High,High,6
Micro Zone,11.0,89.0,High,Moderate,5
Micro Zone,11.0,89.5,Low,Moderate,3
Micro Zone,11.0,90.0,High,Low,4
Micro Zone,11.0,90.5,Low,Moderate,3
Micro Zone,11.0,91.0,Low,Moderate,3
Micro Zone,11.0,91.5,Low,Low,2
Micro Zone,11.0,92.0,High,Moderate,5
Micro Zone,11.0,92.5,Low,Moderate,3
Micro Zone,11.0,93.0,Moderate,Low,3
Micro Zone,11.0,93.5,Moderate,Moderate,4
Micro Zone,11.0,94.0,Moderate,High,5
Micro Zone,11.0,94.5,Low,High,4
Micro Zone,11.0,95.0,Moderate,Moderate,4
Micro Zone,11.0,95.5,High,High,6
Micro Zone,11.0,96.0,Moderate,High,5
Micro Zone,11.0,96.5,Low,Low,2
Micro Zone,11.5,68.0,Low,Moderate,3
Micro Zone,11.5,68.5,Low,Moderate,3
Micro Zone,11.5,69.0,Moderate,Moderate,4
Micro Zone,11.5,69.5,High,Moderate,5
Micro Zone,11.5,70.0,Moderate,High,5
Micro Zone,11.5,70.5,High,Moderate,5
Micro Zone,11.5,71.0,Moderate,Moderate,4
Micro Zone,11.5,71.5,Low,Low,2
Micro Zone,11.5,72.0,High,Moderate,5
Micro Zone,11.5,72.5,Low,High,4
Micro Zone,11.5,73.0,Low,Moderate,3
Micro Zone,11.5,73.5,Moderate,High,5
Micro Zone,11.5,74.0,Low,High,4
Micro Zone,11.5,74.5,Moderate,High,5
Micro Zone,11.5,75.0,Low,Low,2
Micro Zone,11.5,75.5,Low,Moderate,3
Micro Zone,11.5,76.0,Moderate,High,5
Micro Zone,11.5,76.5,Low,Moderate,3
Micro Zone,11.5,77.0,Low,Moderate,3
Micro Zone,11.5,77.5,High,High,6
Micro Zone,11.5,78.0,Low,High,4
Micro Zone,11.5,78.5,Moderate,High,5
Micro Zone,11.5,79.0,High,Moderate,5
Micro Zone,11.5,79.5,High,High,6
Micro Zone,11.5,80.0,Moderate,Moderate,4
Micro Zone,11.5,80.5,High,Moderate,5
Micro Zone,11.5,81.0,Moderate,High,5
Micro Zone,11.5,81.5,High,Moderate,5
Micro Zone,11.5,82.0,Moderate,High,5
Micro Zone,11.5,82.5,Low,High,4
Micro Zone,11.5,83.0,High,High,6
Micro Zone,11.5,83.5,Moderate,High,5
Micro Zone,11.5,84.0,Low,Moderate,3
Micro Zone,11.5,84.5,High,High,6
Micro Zone,11.5,85.0,High,Moderate,5
Micro Zone,11.5,85.5,Moderate,Moderate,4
Micro Zone,11.5,86.0,Low,Low,2
Micro Zone,11.5,86.5,Moderate,High,5
Micro Zone,11.5,87.0,Low,Moderate,3
Micro Zone,11.5,87.5,Moderate,High,5
Micro Zone,11.5,88.0,Low,Moderate,3
Micro Zone,11.5,88.5,Low,Moderate,3
Micro Zone,11.5,89.0,Moderate,High,5
Micro Zone,11.5,89.5,High,Low,4
Micro Zone,11.5,90.0,Low,High,4
Micro Zone,11.5,90.5,Moderate,Low,3
Micro Zone,11.5,91.0,High,High,6
Micro Zone,11.5,91.5,Low,High,4
Micro Zone,11.5,92.0,Moderate,High,5
Micro Zone,11.5,92.5,High,High,6
Micro Zone,11.5,93.0,Low,High,4
Micro Zone,11.5,93.5,Moderate,High,5
Micro Zone,11.5,94.0,Low,High,4
Micro Zone,11.5,94.5,Low,Low,2
Micro Zone,11.5,95.0,High,High,6
Micro Zone,11.5,95.5,Moderate,Moderate,4
Micro Zone,11.5,96.0,Moderate,Moderate,4
Micro Zone,11.5,96.5,Low,Moderate,3
Micro Zone,12.0,68.0,High,Low,4
Micro Zone,12.0,68.5,Low,High,4
Micro Zone,12.0,69.0,High,High,6
Micro Zone,12.0,69.5,Moderate,Moderate,4
Micro Zone,12.0,70.0,Moderate,High,5
Micro Zone,12.0,70.5,High,High,6
Micro Zone,12.0,71.0,Moderate,Moderate,4
Micro Zone,12.0,71.5,High,Moderate,5
Micro Zone,12.0,72.0,Moderate,High,5
Micro Zone,12.0,72.5,Moderate,Moderate,4
Micro Zone,12.0,73.0,Low,Moderate,3
Micro Zone,12.0,73.5,Low,Low,2
Micro Zone,12.0,74.0,High,High,6
Micro Zone,12.0,74.5,High,High,6
Micro Zone,12.0,75.0,Moderate,Moderate,4
Micro Zone,12.0,75.5,Low,Moderate,3
Micro Zone,12.0,76.0,High,Low,4
Micro Zone,12.0,76.5,Moderate,High,5
Micro Zone,12.0,77.0,Low,High,4
Micro Zone,12.0,77.5,Moderate,High,5
Micro Zone,12.0,78.0,High,High,6
Micro Zone,12.0,78.5,Low,High,4
Micro Zone,12.0,79.0,Low,Low,2
Micro Zone,12.0,79.5,Low,High,4
Micro Zone,12.0,80.0,Moderate,High,5
Micro Zone,12.0,80.5,Low,High,4
Micro Zone,12.0,81.0,Moderate,Moderate,4
Micro Zone,12.0,81.5,Moderate,High,5
Micro Zone,12.0,82.0,Low,High,4
Micro Zone,12.0,82.5,High,Moderate,5
Micro Zone,12.0,83.0,Moderate,High,5
Micro Zone,12.0,83.5,High,Moderate,5
Micro Zone,12.0,84.0,High,High,6
Micro Zone,12.0,84.5,High,High,6
Micro Zone,12.0,85.0,Low,Low,2
Micro Zone,12.0,85.5,High,High,6
Micro Zone,12.0,86.0,High,High,6
Micro Zone,12.0,86.5,Moderate,High,5
Micro Zone,12.0,87.0,Moderate,Moderate,4
Micro Zone,12.0,87.5,Low,Low,2
Micro Zone,12.0,88.0,Low,Moderate,3
Micro Zone,12.0,88.5,Moderate,Low,3
Micro Zone,12.0,89.0,Low,Low,2
Micro Zone,12.0,89.5,Low,Moderate,3
Micro Zone,12.0,90.0,High,Low,4
Micro Zone,12.0,90.5,Moderate,High,5
Micro Zone,12.0,91.0,Moderate,Moderate,4
Micro Zone,12.0,91.5,Moderate,Moderate,4
Micro Zone,12.0,92.0,High,High,6
Micro Zone,12.0,92.5,Moderate,Low,3
Micro Zone,12.0,93.0,Moderate,High,5
Micro Zone,12.0,93.5,Moderate,Low,3
Micro Zone,12.0,94.0,High,High,6
Micro Zone,12.0,94.5,Moderate,High,5
Micro Zone,12.0,95.0,High,High,6
Micro Zone,12.0,95.5,Moderate,High,5
Micro Zone,12.0,96.0,Low,Moderate,3
Micro Zone,12.0,96.5,Moderate,High,5
Micro Zone,12.5,68.0,High,High,6
Micro Zone,12.5,68.5,Low,High,4
Micro Zone,12.5,69.0,Low,High,4
Micro Zone,12.5,69.5,Low,Moderate,3
Micro Zone,12.5,70.0,Low,Moderate,3
Micro Zone,12.5,70.5,High,Moderate,5
Micro Zone,12.5,71.0,Moderate,High,5
Micro Zone,12.5,71.5,Low,High,4
Micro Zone,12.5,72.0,Low,Moderate,3
Micro Zone,12.5,72.5,Low,High,4
Micro Zone,12.5,73.0,Moderate,High,5
Micro Zone,12.5,73.5,Low,Moderate,3
Micro Zone,12.5,74.0,High,Moderate,5
Micro Zone,12.5,74.5,High,Moderate,5
Micro Zone,12.5,75.0,High,High,6
Micro Zone,12.5,75.5,Moderate,High,5
Micro Zone,12.5,76.0,High,Low,4
Micro Zone,12.5,76.5,Moderate,Low,3
Micro Zone,12.5,77.0,Moderate,High,5
Micro Zone,12.5,77.5,High,Moderate,5
Micro Zone,12.5,78.0,High,High,6
Micro Zone,12.5,78.5,High,High,6
Micro Zone,12.5,79.0,High,High,6
Micro Zone,12.5,79.5,Low,High,4
Micro Zone,12.5,80.0,Moderate,High,5
Micro Zone,12.5,80.5,Low,High,4
Micro Zone,12.5,81.0,Low,Low,2
Micro Zone,12.5,81.5,Low,Low,2
Micro Zone,12.5,82.0,Moderate,Low,3
Micro Zone,12.5,82.5,Low,High,4
Micro Zone,12.5,83.0,High,Low,4
Micro Zone,12.5,83.5,Moderate,High,5
Micro Zone,12.5,84.0,Low,High,4
Micro Zone,12.5,84.5,High,High,6
Micro Zone,12.5,85.0,Low,Low,2
Micro Zone,12.5,85.5,Low,High,4
Micro Zone,12.5,86.0,Low,Moderate,3
Micro Zone,12.5,86.5,Low,Moderate,3
Micro Zone,12.5,87.0,High,High,6
Micro Zone,12.5,87.5,Low,Low,2
Micro Zone,12.5,88.0,Moderate,Moderate,4
Micro Zone,12.5,88.5,Moderate,High,5
Micro Zone,12.5,89.0,Low,Moderate,3
Micro Zone,12.5,89.5,Low,High,4
Micro Zone,12.5,90.0,High,High,6
Micro Zone,12.5,90.5,High,Low,4
Micro Zone,12.5,91.0,High,Moderate,5
Micro Zone,12.5,91.5,High,Low,4
Micro Zone,12.5,92.0,High,Moderate,5
Micro Zone,12.5,92.5,High,High,6
Micro Zone,12.5,93.0,Moderate,High,5
Micro Zone,12.5,93.5,Moderate,Moderate,4
Micro Zone,12.5,94.0,Low,High,4
Micro Zone,12.5,94.5,Low,High,4
Micro Zone,12.5,95.0,Moderate,Low,3
Micro Zone,12.5,95.5,Low,High,4
Micro Zone,12.5,96.0,Moderate,Moderate,4
Micro Zone,12.5,96.5,Low,High,4
Micro Zone,13.0,68.0,Moderate,High,5
Micro Zone,13.0,68.5,Moderate,Moderate,4
Micro Zone,13.0,69.0,High,Moderate,5
Micro Zone,13.0,69.5,High,Moderate,5
Micro Zone,13.0,70.0,Moderate,High,5
Micro Zone,13.0,70.5,High,Moderate,5
Micro Zone,13.0,71.0,Moderate,High,5
Micro Zone,13.0,71.5,Moderate,High,5
Micro Zone,13.0,72.0,Low,Low,2
Micro Zone,13.0,72.5,Moderate,Moderate,4
Micro Zone,13.0,73.0,Low,High,4
Micro Zone,13.0,73.5,Low,High,4
Micro Zone,13.0,74.0,Low,Moderate,3
Micro Zone,13.0,74.5,Low,Low,2
Micro Zone,13.0,75.0,Moderate,High,5
Micro Zone,13.0,75.5,Moderate,Moderate,4
Micro Zone,13.0,76.0,Low,High,4
Micro Zone,13.0,76.5,High,Moderate,5
Micro Zone,13.0,77.0,High,Moderate,5
Micro Zone,13.0,77.5,High,High,6
Micro Zone,13.0,78.0,Moderate,Moderate,4
Micro Zone,13.0,78.5,Moderate,High,5
Micro Zone,13.0,79.0,Low,Moderate,3
Micro Zone,13.0,79.5,Moderate,High,5
Micro Zone,13.0,80.0,Moderate,High,5
Micro Zone,13.0,80.5,High,Moderate,5
Micro Zone,13.0,81.0,Moderate,Low,3
Micro Zone,13.0,81.5,Low,Low,2
Micro Zone,13.0,82.0,High,High,6
Micro Zone,13.0,82.5,High,Moderate,5
Micro Zone,13.0,83.0,High,Moderate,5
Micro Zone,13.0,83.5,Moderate,Moderate,4
Micro Zone,13.0,84.0,Moderate,High,5
Micro Zone,13.0,84.5,High,Moderate,5
Micro Zone,13.0,85.0,Low,High,4
Micro Zone,13.0,85.5,Moderate,Moderate,4
Micro Zone,13.0,86.0,Low,Low,2
Micro Zone,13.0,86.5,High,Moderate,5
Micro Zone,13.0,87.0,Low,Moderate,3
Micro Zone,13.0,87.5,Low,High,4
Micro Zone,13.0,88.0,Low,High,4
Micro Zone,13.0,88.5,Moderate,Low,3
Micro Zone,13.0,89.0,Low,High,4
Micro Zone,13.0,89.5,Moderate,Moderate,4
Micro Zone,13.0,90.0,Moderate,Moderate,4
Micro Zone,13.0,90.5,Low,Low,2
Micro Zone,13.0,91.0,Moderate,Moderate,4
Micro Zone,13.0,91.5,Moderate,High,5
Micro Zone,13.0,92.0,Low,High,4
Micro Zone,13.0,92.5,Moderate,Low,3
Micro Zone,13.0,93.0,Low,High,4
Micro Zone,13.0,93.5,Low,Moderate,3
Micro Zone,13.0,94.0,High,Moderate,5
Micro Zone,13.0,94.5,Moderate,High,5
Micro Zone,13.0,95.0,Moderate,High,5
Micro Zone,13.0,95.5,Low,Moderate,3
Micro Zone,13.0,96.0,Moderate,High,5
Micro Zone,13.0,96.5,Low,High,4
Micro Zone,13.5,68.0,High,High,6
Micro Zone,13.5,68.5,High,High,6
Micro Zone,13.5,69.0,Moderate,Low,3
Micro Zone,13.5,69.5,High,High,6
Micro Zone,13.5,70.0,High,High,6
Micro Zone,13.5,70.5,Moderate,High,5
Micro Zone,13.5,71.0,Low,High,4
Micro Zone,13.5,71.5,High,High,6
Micro Zone,13.5,72.0,Low,Low,2
Micro Zone,13.5,72.5,High,High,6
Micro Zone,13.5,73.0,High,Moderate,5
Micro Zone,13.5,73.5,High,Low,4
Micro Zone,13.5,74.0,Moderate,Moderate,4
Micro Zone,13.5,74.5,High,Low,4
Micro Zone,13.5,75.0,High,High,6
Micro Zone,13.5,75.5,High,Moderate,5
Micro Zone,13.5,76.0,Low,Moderate,3
Micro Zone,13.5,76.5,High,High,6
Micro Zone,13.5,77.0,High,Moderate,5
Micro Zone,13.5,77.5,High,High,6
Micro Zone,13.5,78.0,Moderate,High,5
Micro Zone,13.5,78.5,Low,High,4
Micro Zone,13.5,79.0,Moderate,High,5
Micro Zone,13.5,79.5,Moderate,Low,3
Micro Zone,13.5,80.0,Moderate,Moderate,4
Micro Zone,13.5,80.5,Moderate,Moderate,4
Micro Zone,13.5,81.0,High,High,6
Micro Zone,13.5,81.5,Low,Moderate,3
Micro Zone,13.5,82.0,High,High,6
Micro Zone,13.5,82.5,High,Moderate,5
Micro Zone,13.5,83.0,Low,Moderate,3
Micro Zone,13.5,83.5,Moderate,High,5
Micro Zone,13.5,84.0,Low,Moderate,3
Micro Zone,13.5,84.5,Low,High,4
Micro Zone,13.5,85.0,Low,Low,2
Micro Zone,13.5,85.5,Low,Moderate,3
Micro Zone,13.5,86.0,High,Low,4
Micro Zone,13.5,86.5,High,Low,4
Micro Zone,13.5,87.0,High,Moderate,5
Micro Zone,13.5,87.5,Moderate,Moderate,4
Micro Zone,13.5,88.0,Low,Moderate,3
Micro Zone,13.5,88.5,Moderate,High,5
Micro Zone,13.5,89.0,High,Moderate,5
Micro Zone,13.5,89.5,High,Low,4
Micro Zone,13.5,90.0,High,Moderate,5
Micro Zone,13.5,90.5,High,High,6
Micro Zone,13.5,91.0,High,High,6
Micro Zone,13.5,91.5,Moderate,High,5
Micro Zone,13.5,92.0,Moderate,Low,3
Micro Zone,13.5,92.5,Low,High,4
Micro Zone,13.5,93.0,Low,High,4
Micro Zone,13.5,93.5,Low,Moderate,3
Micro Zone,13.5,94.0,Low,Low,2
Micro Zone,13.5,94.5,High,High,6
Micro Zone,13.5,95.0,Moderate,High,5
Micro Zone,13.5,95.5,High,Moderate,5
Micro Zone,13.5,96.0,High,Low,4
Micro Zone,13.5,96.5,Moderate,Low,3
Micro Zone,14.0,68.0,High,High,6
Micro Zone,14.0,68.5,High,Moderate,5
Micro Zone,14.0,69.0,High,Low,4
Micro Zone,14.0,69.5,High,High,6
Micro Zone,14.0,70.0,High,High,6
Micro Zone,14.0,70.5,Moderate,High,5
Micro Zone,14.0,71.0,High,High,6
Micro Zone,14.0,71.5,Low,High,4
Micro Zone,14.0,72.0,Moderate,Moderate,4
Micro Zone,14.0,72.5,Moderate,Low,3
Micro Zone,14.0,73.0,Low,High,4
Micro Zone,14.0,73.5,Low,High,4
Micro Zone,14.0,74.0,Low,Moderate,3
Micro Zone,14.0,74.5,Moderate,Moderate,4
Micro Zone,14.0,75.0,Moderate,High,5
Micro Zone,14.0,75.5,Low,Low,2
Micro Zone,14.0,76.0,Moderate,Moderate,4
Micro Zone,14.0,76.5,High,Moderate,5
Micro Zone,14.0,77.0,Low,High,4
Micro Zone,14.0,77.5,High,Moderate,5
Micro Zone,14.0,78.0,Low,Moderate,3
Micro Zone,14.0,78.5,Low,Low,2
Micro Zone,14.0,79.0,High,Moderate,5
Micro Zone,14.0,79.5,Low,High,4
Micro Zone,14.0,80.0,Moderate,Low,3
Micro Zone,14.0,80.5,High,Low,4
Micro Zone,14.0,81.0,High,Moderate,5
Micro Zone,14.0,81.5,High,Moderate,5
Micro Zone,14.0,82.0,Low,Low,2
Micro Zone,14.0,82.5,Low,Moderate,3
Micro Zone,14.0,83.0,High,High,6
Micro Zone,14.0,83.5,Low,Moderate,3
Micro Zone,14.0,84.0,Moderate,High,5
Micro Zone,14.0,84.5,High,Moderate,5
Micro Zone,14.0,85.0,Low,Moderate,3
Micro Zone,14.0,85.5,Moderate,High,5
Micro Zone,14.0,86.0,Low,High,4
Micro Zone,14.0,86.5,High,High,6
Micro Zone,14.0,87.0,High,Moderate,5
Micro Zone,14.0,87.5,High,Moderate,5
Micro Zone,14.0,88.0,Moderate,Moderate,4
Micro Zone,14.0,88.5,Low,Low,2
Micro Zone,14.0,89.0,Low,Moderate,3
Micro Zone,14.0,89.5,Low,Moderate,3
Micro Zone,14.0,90.0,Moderate,Low,3
Micro Zone,14.0,90.5,Low,Low,2
Micro Zone,14.0,91.0,High,Moderate,5
Micro Zone,14.0,91.5,High,High,6
Micro Zone,14.0,92.0,High,Low,4
Micro Zone,14.0,92.5,High,Moderate,5
Micro Zone,14.0,93.0,High,Moderate,5
Micro Zone,14.0,93.5,Low,Moderate,3
Micro Zone,14.0,94.0,Moderate,Moderate,4
Micro Zone,14.0,94.5,Moderate,Low,3
Micro Zone,14.0,95.0,Low,High,4
Micro Zone,14.0,95.5,Moderate,High,5
Micro Zone,14.0,96.0,Moderate,High,5
Micro Zone,14.0,96.5,Low,Moderate,3
Micro Zone,14.5,68.0,High,High,6
Micro Zone,14.5,68.5,Moderate,Moderate,4
Micro Zone,14.5,69.0,Low,Moderate,3
Micro Zone,14.5,69.5,Low,Low,2
Micro Zone,14.5,70.0,Moderate,High,5
Micro Zone,14.5,70.5,High,Moderate,5
Micro Zone,14.5,71.0,Low,High,4
Micro Zone,14.5,71.5,Low,High,4
Micro Zone,14.5,72.0,High,Moderate,5
Micro Zone,14.5,72.5,Moderate,High,5
Micro Zone,14.5,73.0,Moderate,High,5
Micro Zone,14.5,73.5,Moderate,Moderate,4
Micro Zone,14.5,74.0,Moderate,Low,3
Micro Zone,14.5,74.5,High,High,6
Micro Zone,14.5,75.0,Moderate,Moderate,4
Micro Zone,14.5,75.5,Low,High,4
Micro Zone,14.5,76.0,High,Moderate,5
Micro Zone,14.5,76.5,Low,Low,2
Micro Zone,14.5,77.0,Low,High,4
Micro Zone,14.5,77.5,High,Low,4
Micro Zone,14.5,78.0,High,Low,4
Micro Zone,14.5,78.5,Moderate,Low,3
Micro Zone,14.5,79.0,Low,Moderate,3
Micro Zone,14.5,79.5,Low,Low,2
Micro Zone,14.5,80.0,High,Low,4
Micro Zone,14.5,80.5,High,High,6
Micro Zone,14.5,81.0,Low,Low,2
Micro Zone,14.5,81.5,Moderate,High,5
Micro Zone,14.5,82.0,Low,Low,2
Micro Zone,14.5,82.5,Moderate,High,5
Micro Zone,14.5,83.0,High,Moderate,5
Micro Zone,14.5,83.5,Low,High,4
Micro Zone,14.5,84.0,High,Low,4
Micro Zone,14.5,84.5,High,Low,4
Micro Zone,14.5,85.0,High,Low,4
Micro Zone,14.5,85.5,Low,Moderate,3
Micro Zone,14.5,86.0,Moderate,Low,3
Micro Zone,14.5,86.5,High,Moderate,5
Micro Zone,14.5,87.0,High,Low,4
Micro Zone,14.5,87.5,Low,High,4
Micro Zone,14.5,88.0,Low,Moderate,3
Micro Zone,14.5,88.5,Moderate,Low,3
Micro Zone,14.5,89.0,Moderate,Moderate,4
Micro Zone,14.5,89.5,High,Moderate,5
Micro Zone,14.5,90.0,Moderate,Low,3
Micro Zone,14.5,90.5,Moderate,High,5
Micro Zone,14.5,91.0,Low,High,4
Micro Zone,14.5,91.5,High,Low,4
Micro Zone,14.5,92.0,High,Low,4
Micro Zone,14.5,92.5,High,High,6
Micro Zone,14.5,93.0,Low,High,4
Micro Zone,14.5,93.5,Moderate,High,5
Micro Zone,14.5,94.0,High,Moderate,5
Micro Zone,14.5,94.5,Low,Moderate,3
Micro Zone,14.5,95.0,Moderate,Moderate,4
Micro Zone,14.5,95.5,High,Moderate,5
Micro Zone,14.5,96.0,High,Low,4
Micro Zone,14.5,96.5,Low,High,4
Micro Zone,15.0,68.0,Moderate,High,5
Micro Zone,15.0,68.5,High,Low,4
Micro Zone,15.0,69.0,Low,High,4
Micro Zone,15.0,69.5,Low,Moderate,3
Micro Zone,15.0,70.0,Low,Moderate,3
Micro Zone,15.0,70.5,Low,High,4
Micro Zone,15.0,71.0,Low,Moderate,3
Micro Zone,15.0,71.5,Moderate,High,5
Micro Zone,15.0,72.0,Moderate,Moderate,4
Micro Zone,15.0,72.5,High,High,6
Micro Zone,15.0,73.0,Moderate,Moderate,4
Micro Zone,15.0,73.5,Low,Moderate,3
Micro Zone,15.0,74.0,Low,Low,2
Micro Zone,15.0,74.5,Moderate,High,5
Micro Zone,15.0,75.0,Moderate,Moderate,4
Micro Zone,15.0,75.5,Moderate,Low,3
Micro Zone,15.0,76.0,Low,Moderate,3
Micro Zone,15.0,76.5,Moderate,Moderate,4
Micro Zone,15.0,77.0,Low,Moderate,3
Micro Zone,15.0,77.5,High,High,6
Micro Zone,15.0,78.0,Low,High,4
Micro Zone,15.0,78.5,High,High,6
Micro Zone,15.0,79.0,Low,Moderate,3
Micro Zone,15.0,79.5,Moderate,Low,3
Micro Zone,15.0,80.0,Low,Low,2
Micro Zone,15.0,80.5,Moderate,Moderate,4
Micro Zone,15.0,81.0,Low,Low,2
Micro Zone,15.0,81.5,Low,Low,2
Micro Zone,15.0,82.0,Moderate,Moderate,4
Micro Zone,15.0,82.5,Moderate,Moderate,4
Micro Zone,15.0,83.0,Low,High,4
Micro Zone,15.0,83.5,Moderate,High,5
Micro Zone,15.0,84.0,Low,Moderate,3
Micro Zone,15.0,84.5,Moderate,Low,3
Micro Zone,15.0,85.0,Low,Moderate,3
Micro Zone,15.0,85.5,Low,Moderate,3
Micro Zone,15.0,86.0,Low,High,4
Micro Zone,15.0,86.5,Low,Moderate,3
Micro Zone,15.0,87.0,Low,Moderate,3
Micro Zone,15.0,87.5,Low,High,4
Micro Zone,15.0,88.0,Moderate,Moderate,4
Micro Zone,15.0,88.5,Moderate,High,5
Micro Zone,15.0,89.0,Moderate,Moderate,4
Micro Zone,15.0,89.5,High,Moderate,5
Micro Zone,15.0,90.0,High,High,6
Micro Zone,15.0,90.5,Low,Moderate,3
Micro Zone,15.0,91.0,High,High,6
Micro Zone,15.0,91.5,High,Moderate,5
Micro Zone,15.0,92.0,Moderate,Moderate,4
Micro Zone,15.0,92.5,Moderate,Moderate,4
Micro Zone,15.0,93.0,High,High,6
Micro Zone,15.0,93.5,Low,High,4
Micro Zone,15.0,94.0,Moderate,High,5
Micro Zone,15.0,94.5,Moderate,High,5
Micro Zone,15.0,95.0,High,Low,4
Micro Zone,15.0,95.5,High,High,6
Micro Zone,15.0,96.0,Low,High,4
Micro Zone,15.0,96.5,Moderate,Moderate,4
Micro Zone,15.5,68.0,Moderate,High,5
Micro Zone,15.5,68.5,Low,High,4
Micro Zone,15.5,69.0,Low,Moderate,3
Micro Zone,15.5,69.5,Low,Moderate,3
Micro Zone,15.5,70.0,High,Moderate,5
Micro Zone,15.5,70.5,Low,High,4
Micro Zone,15.5,71.0,High,High,6
Micro Zone,15.5,71.5,Low,Moderate,3
Micro Zone,15.5,72.0,Low,Moderate,3
Micro Zone,15.5,72.5,Low,Moderate,3
Micro Zone,15.5,73.0,High,High,6
Micro Zone,15.5,73.5,High,Moderate,5
Micro Zone,15.5,74.0,High,Moderate,5
Micro Zone,15.5,74.5,Moderate,Moderate,4
Micro Zone,15.5,75.0,Moderate,Moderate,4
Micro Zone,15.5,75.5,Moderate,Moderate,4
Micro Zone,15.5,76.0,Moderate,High,5
Micro Zone,15.5,76.5,Low,High,4
Micro Zone,15.5,77.0,Low,Low,2
Micro Zone,15.5,77.5,Moderate,High,5
Micro Zone,15.5,78.0,Low,High,4
Micro Zone,15.5,78.5,Low,Moderate,3
Micro Zone,15.5,79.0,Low,Low,2
Micro Zone,15.5,79.5,Low,Moderate,3
Micro Zone,15.5,80.0,High,Low,4
Micro Zone,15.5,80.5,Moderate,Moderate,4
Micro Zone,15.5,81.0,Low,Moderate,3
Micro Zone,15.5,81.5,Moderate,High,5
Micro Zone,15.5,82.0,Low,High,4
Micro Zone,15.5,82.5,Low,High,4
Micro Zone,15.5,83.0,High,High,6
Micro Zone,15.5,83.5,Low,Moderate,3
Micro Zone,15.5,84.0,Low,Moderate,3
Micro Zone,15.5,84.5,Low,Low,2
Micro Zone,15.5,85.0,Moderate,Moderate,4
Micro Zone,15.5,85.5,High,High,6
Micro Zone,15.5,86.0,Low,High,4
Micro Zone,15.5,86.5,High,High,6
Micro Zone,15.5,87.0,Low,Moderate,3
Micro Zone,15.5,87.5,Low,High,4
Micro Zone,15.5,88.0,Moderate,High,5
Micro Zone,15.5,88.5,Moderate,Moderate,4
Micro Zone,15.5,89.0,High,High,6
Micro Zone,15.5,89.5,Moderate,High,5
Micro Zone,15.5,90.0,Low,Moderate,3
Micro Zone,15.5,90.5,Moderate,High,5
Micro Zone,15.5,91.0,Moderate,High,5
Micro Zone,15.5,91.5,Moderate,High,5
Micro Zone,15.5,92.0,High,Low,4
Micro Zone,15.5,92.5,Low,High,4
Micro Zone,15.5,93.0,Low,Moderate,3
Micro Zone,15.5,93.5,Low,High,4
Micro Zone,15.5,94.0,Low,Moderate,3
Micro Zone,15.5,94.5,Low,High,4
Micro Zone,15.5,95.0,Low,Moderate,3
Micro Zone,15.5,95.5,Low,Moderate,3
Micro Zone,15.5,96.0,Moderate,Moderate,4
Micro Zone,15.5,96.5,Moderate,Low,3
Micro Zone,16.0,68.0,Low,Moderate,3
Micro Zone,16.0,68.5,High,High,6
Micro Zone,16.0,69.0,High,Low,4
Micro Zone,16.0,69.5,Low,Moderate,3
Micro Zone,16.0,70.0,Low,Low,2
Micro Zone,16.0,70.5,Moderate,Low,3
Micro Zone,16.0,71.0,Low,High,4
Micro Zone,16.0,71.5,Low,High,4
Micro Zone,16.0,72.0,Low,High,4
Micro Zone,16.0,72.5,Moderate,High,5
Micro Zone,16.0,73.0,High,Moderate,5
Micro Zone,16.0,73.5,High,Moderate,5
Micro Zone,16.0,74.0,Low,Moderate,3
Micro Zone,16.0,74.5,Moderate,Moderate,4
Micro Zone,16.0,75.0,Moderate,Low,3
Micro Zone,16.0,75.5,High,High,6
Micro Zone,16.0,76.0,Moderate,High,5
Micro Zone,16.0,76.5,Low,Low,2
Micro Zone,16.0,77.0,Moderate,Moderate,4
Micro Zone,16.0,77.5,Low,Moderate,3
Micro Zone,16.0,78.0,High,High,6
Micro Zone,16.0,78.5,High,High,6
Micro Zone,16.0,79.0,Moderate,High,5
Micro Zone,16.0,79.5,Low,Moderate,3
Micro Zone,16.0,80.0,Low,Low,2
Micro Zone,16.0,80.5,Moderate,Moderate,4
Micro Zone,16.0,81.0,Low,Moderate,3
Micro Zone,16.0,81.5,Low,Moderate,3
Micro Zone,16.0,82.0,Low,High,4
Micro Zone,16.0,82.5,High,Low,4
Micro Zone,16.0,83.0,Low,High,4
Micro Zone,16.0,83.5,High,Moderate,5
Micro Zone,16.0,84.0,Low,High,4
Micro Zone,16.0,84.5,Low,Moderate,3
Micro Zone,16.0,85.0,Moderate,Moderate,4
Micro Zone,16.0,85.5,Moderate,Moderate,4
Micro Zone,16.0,86.0,Moderate,Low,3
Micro Zone,16.0,86.5,Low,High,4
Micro Zone,16.0,87.0,Low,High,4
Micro Zone,16.0,87.5,Low,Moderate,3
Micro Zone,16.0,88.0,High,Moderate,5
Micro Zone,16.0,88.5,High,Moderate,5
Micro Zone,16.0,89.0,High,Moderate,5
Micro Zone,16.0,89.5,Moderate,High,5
Micro Zone,16.0,90.0,Moderate,High,5
Micro Zone,16.0,90.5,Low,High,4
Micro Zone,16.0,91.0,High,Moderate,5
Micro Zone,16.0,91.5,High,High,6
Micro Zone,16.0,92.0,Low,Low,2
Micro Zone,16.0,92.5,Moderate,Moderate,4
Micro Zone,16.0,93.0,Moderate,High,5
Micro Zone,16.0,93.5,Moderate,Moderate,4
Micro Zone,16.0,94.0,Moderate,High,5
Micro Zone,16.0,94.5,Moderate,Moderate,4
Micro Zone,16.0,95.0,Moderate,High,5
Micro Zone,16.0,95.5,Moderate,High,5
Micro Zone,16.0,96.0,Low,Moderate,3
Micro Zone,16.0,96.5,Low,Low,2
Micro Zone,16.5,68.0,Low,High,4
Micro Zone,16.5,68.5,High,High,6
Micro Zone,16.5,69.0,Low,High,4
Micro Zone,16.5,69.5,High,High,6
Micro Zone,16.5,70.0,Low,Moderate,3
Micro Zone,16.5,70.5,High,Moderate,5
Micro Zone,16.5,71.0,Low,Low,2
Micro Zone,16.5,71.5,Moderate,Moderate,4
Micro Zone,16.5,72.0,Moderate,Low,3
Micro Zone,16.5,72.5,Moderate,Moderate,4
Micro Zone,16.5,73.0,Moderate,High,5
Micro Zone,16.5,73.5,Low,High,4
Micro Zone,16.5,74.0,Low,Moderate,3
Micro Zone,16.5,74.5,High,Moderate,5
Micro Zone,16.5,75.0,High,Moderate,5
Micro Zone,16.5,75.5,High,Low,4
Micro Zone,16.5,76.0,High,Moderate,5
Micro Zone,16.5,76.5,High,Low,4
Micro Zone,16.5,77.0,High,High,6
Micro Zone,16.5,77.5,High,Moderate,5
Micro Zone,16.5,78.0,Moderate,High,5
Micro Zone,16.5,78.5,High,Low,4
Micro Zone,16.5,79.0,High,High,6
Micro Zone,16.5,79.5,Low,Low,2
Micro Zone,16.5,80.0,High,High,6
Micro Zone,16.5,80.5,Moderate,High,5
Micro Zone,16.5,81.0,Low,Moderate,3
Micro Zone,16.5,81.5,Low,Moderate,3
Micro Zone,16.5,82.0,Low,High,4
Micro Zone,16.5,82.5,Low,Moderate,3
Micro Zone,16.5,83.0,High,High,6
Micro Zone,16.5,83.5,Moderate,Moderate,4
Micro Zone,16.5,84.0,Low,Low,2
Micro Zone,16.5,84.5,High,Low,4
Micro Zone,16.5,85.0,High,Moderate,5
Micro Zone,16.5,85.5,Moderate,High,5
Micro Zone,16.5,86.0,Low,Moderate,3
Micro Zone,16.5,86.5,High,Low,4
Micro Zone,16.5,87.0,Low,High,4
Micro Zone,16.5,87.5,Low,High,4
Micro Zone,16.5,88.0,Low,High,4
Micro Zone,16.5,88.5,Low,Moderate,3
Micro Zone,16.5,89.0,High,High,6
Micro Zone,16.5,89.5,Low,Moderate,3
Micro Zone,16.5,90.0,High,Moderate,5
Micro Zone,16.5,90.5,High,Moderate,5
Micro Zone,16.5,91.0,High,Low,4
Micro Zone,16.5,91.5,Low,High,4
Micro Zone,16.5,92.0,High,High,6
Micro Zone,16.5,92.5,High,High,6
Micro Zone,16.5,93.0,High,Moderate,5
Micro Zone,16.5,93.5,Moderate,High,5
Micro Zone,16.5,94.0,Moderate,High,5
Micro Zone,16.5,94.5,Low,Moderate,3
Micro Zone,16.5,95.0,High,Moderate,5
Micro Zone,16.5,95.5,Low,Moderate,3
Micro Zone,16.5,96.0,High,Moderate,5
Micro Zone,16.5,96.5,Low,Low,2
Micro Zone,17.0,68.0,High,High,6
Micro Zone,17.0,68.5,Low,Moderate,3
Micro Zone,17.0,69.0,High,Low,4
Micro Zone,17.0,69.5,Low,Moderate,3
Micro Zone,17.0,70.0,High,Moderate,5
Micro Zone,17.0,70.5,Low,Moderate,3
Micro Zone,17.0,71.0,High,High,6
Micro Zone,17.0,71.5,Moderate,Moderate,4
Micro Zone,17.0,72.0,Low,Low,2
Micro Zone,17.0,72.5,High,Low,4
Micro Zone,17.0,73.0,Low,Low,2
Micro Zone,17.0,73.5,Low,Low,2
Micro Zone,17.0,74.0,Moderate,High,5
Micro Zone,17.0,74.5,Low,High,4
Micro Zone,17.0,75.0,High,Moderate,5
Micro Zone,17.0,75.5,Low,High,4
Micro Zone,17.0,76.0,Moderate,Low,3
Micro Zone,17.0,76.5,High,Low,4
Micro Zone,17.0,77.0,Low,High,4
Micro Zone,17.0,77.5,High,Low,4
Micro Zone,17.0,78.0,Moderate,High,5
Micro Zone,17.0,78.5,Moderate,High,5
Micro Zone,17.0,79.0,Low,High,4
Micro Zone,17.0,79.5,Low,High,4
Micro Zone,17.0,80.0,High,Moderate,5
Micro Zone,17.0,80.5,Moderate,Moderate,4
Micro Zone,17.0,81.0,High,Moderate,5
Micro Zone,17.0,81.5,Moderate,Moderate,4
Micro Zone,17.0,82.0,High,Moderate,5
Micro Zone,17.0,82.5,Moderate,Moderate,4
Micro Zone,17.0,83.0,Low,Low,2
Micro Zone,17.0,83.5,Moderate,High,5
Micro Zone,17.0,84.0,Moderate,Low,3
Micro Zone,17.0,84.5,High,High,6
Micro Zone,17.0,85.0,High,Moderate,5
Micro Zone,17.0,85.5,Low,Moderate,3
Micro Zone,17.0,86.0,High,High,6
Micro Zone,17.0,86.5,High,Low,4
Micro Zone,17.0,87.0,High,Low,4
Micro Zone,17.0,87.5,Moderate,Moderate,4
Micro Zone,17.0,88.0,High,High,6
Micro Zone,17.0,88.5,Moderate,Moderate,4
Micro Zone,17.0,89.0,Moderate,High,5
Micro Zone,17.0,89.5,Low,High,4
Micro Zone,17.0,90.0,Low,Moderate,3
Micro Zone,17.0,90.5,High,Moderate,5
Micro Zone,17.0,91.0,Low,Moderate,3
Micro Zone,17.0,91.5,High,Low,4
Micro Zone,17.0,92.0,Low,Low,2
Micro Zone,17.0,92.5,Low,Moderate,3
Micro Zone,17.0,93.0,Low,Moderate,3
Micro Zone,17.0,93.5,Moderate,Moderate,4
Micro Zone,17.0,94.0,Low,Moderate,3
Micro Zone,17.0,94.5,Low,Moderate,3
Micro Zone,17.0,95.0,Low,Moderate,3
Micro Zone,17.0,95.5,Moderate,Low,3
Micro Zone,17.0,96.0,Moderate,Low,3
Micro Zone,17.0,96.5,High,Moderate,5
Micro Zone,17.5,68.0,Low,High,4
Micro Zone,17.5,68.5,Low,High,4
Micro Zone,17.5,69.0,Moderate,Moderate,4
Micro Zone,17.5,69.5,Low,High,4
Micro Zone,17.5,70.0,Low,Moderate,3
Micro Zone,17.5,70.5,High,Moderate,5
Micro Zone,17.5,71.0,High,Moderate,5
Micro Zone,17.5,71.5,Moderate,Low,3
Micro Zone,17.5,72.0,High,High,6
Micro Zone,17.5,72.5,Low,Moderate,3
Micro Zone,17.5,73.0,Moderate,Moderate,4
Micro Zone,17.5,73.5,Low,Low,2
Micro Zone,17.5,74.0,Low,High,4
Micro Zone,17.5,74.5,Low,High,4
Micro Zone,17.5,75.0,Moderate,Low,3
Micro Zone,17.5,75.5,High,High,6
Micro Zone,17.5,76.0,Low,High,4
Micro Zone,17.5,76.5,Low,High,4
Micro Zone,17.5,77.0,High,Moderate,5
Micro Zone,17.5,77.5,Moderate,High,5
Micro Zone,17.5,78.0,Low,Low,2
Micro Zone,17.5,78.5,High,Moderate,5
Micro Zone,17.5,79.0,Low,Moderate,3
Micro Zone,17.5,79.5,Low,Low,2
Micro Zone,17.5,80.0,High,Moderate,5
Micro Zone,17.5,80.5,High,Moderate,5
Micro Zone,17.5,81.0,Low,Moderate,3
Micro Zone,17.5,81.5,Moderate,High,5
Micro Zone,17.5,82.0,Moderate,High,5
Micro Zone,17.5,82.5,High,Moderate,5
Micro Zone,17.5,83.0,Low,Low,2
Micro Zone,17.5,83.5,Low,High,4
Micro Zone,17.5,84.0,Low,Moderate,3
Micro Zone,17.5,84.5,Low,Moderate,3
Micro Zone,17.5,85.0,Moderate,Moderate,4
Micro Zone,17.5,85.5,Low,Low,2
Micro Zone,17.5,86.0,Moderate,Low,3
Micro Zone,17.5,86.5,Low,High,4
Micro Zone,17.5,87.0,Low,High,4
Micro Zone,17.5,87.5,Moderate,Moderate,4
Micro Zone,17.5,88.0,Moderate,Low,3
Micro Zone,17.5,88.5,Moderate,Low,3
Micro Zone,17.5,89.0,Low,High,4
Micro Zone,17.5,89.5,Moderate,High,5
Micro Zone,17.5,90.0,Low,High,4
Micro Zone,17.5,90.5,Moderate,Moderate,4
Micro Zone,17.5,91.0,High,Moderate,5
Micro Zone,17.5,91.5,Low,Low,2
Micro Zone,17.5,92.0,Low,Moderate,3
Micro Zone,17.5,92.5,Low,Moderate,3
Micro Zone,17.5,93.0,Moderate,High,5
Micro Zone,17.5,93.5,Low,Low,2
Micro Zone,17.5,94.0,Low,High,4
Micro Zone,17.5,94.5,Low,Moderate,3
Micro Zone,17.5,95.0,Low,High,4
Micro Zone,17.5,95.5,Low,Moderate,3
Micro Zone,17.5,96.0,Moderate,Moderate,4
Micro Zone,17.5,96.5,Moderate,Moderate,4
Micro Zone,18.0,68.0,High,High,6
Micro Zone,18.0,68.5,Low,Low,2
Micro Zone,18.0,69.0,High,Moderate,5
Micro Zone,18.0,69.5,High,High,6
Micro Zone,18.0,70.0,Low,Low,2
Micro Zone,18.0,70.5,Moderate,Moderate,4
Micro Zone,18.0,71.0,Low,High,4
Micro Zone,18.0,71.5,Moderate,Moderate,4
Micro Zone,18.0,72.0,Low,Moderate,3
Micro Zone,18.0,72.5,Low,Moderate,3
Micro Zone,18.0,73.0,High,High,6
Micro Zone,18.0,73.5,Low,High,4
Micro Zone,18.0,74.0,High,Low,4
Micro Zone,18.0,74.5,High,Moderate,5
Micro Zone,18.0,75.0,High,Moderate,5
Micro Zone,18.0,75.5,Moderate,Low,3
Micro Zone,18.0,76.0,Low,Low,2
Micro Zone,18.0,76.5,Moderate,High,5
Micro Zone,18.0,77.0,Moderate,Low,3
Micro Zone,18.0,77.5,Low,High,4
Micro Zone,18.0,78.0,Moderate,Moderate,4
Micro Zone,18.0,78.5,High,Moderate,5
Micro Zone,18.0,79.0,Moderate,Low,3
Micro Zone,18.0,79.5,High,Moderate,5
Micro Zone,18.0,80.0,Moderate,High,5
Micro Zone,18.0,80.5,High,Moderate,5
Micro Zone,18.0,81.0,Low,High,4
Micro Zone,18.0,81.5,High,Moderate,5
Micro Zone,18.0,82.0,Low,High,4
Micro Zone,18.0,82.5,Moderate,Moderate,4
Micro Zone,18.0,83.0,Low,Moderate,3
Micro Zone,18.0,83.5,High,Moderate,5
Micro Zone,18.0,84.0,Low,High,4
Micro Zone,18.0,84.5,High,Moderate,5
Micro Zone,18.0,85.0,Moderate,High,5
Micro Zone,18.0,85.5,Low,Moderate,3
Micro Zone,18.0,86.0,High,Moderate,5
Micro Zone,18.0,86.5,Moderate,High,5
Micro Zone,18.0,87.0,Moderate,High,5
Micro Zone,18.0,87.5,High,Low,4
Micro Zone,18.0,88.0,High,High,6
Micro Zone,18.0,88.5,High,Moderate,5
Micro Zone,18.0,89.0,High,High,6
Micro Zone,18.0,89.5,Low,Moderate,3
Micro Zone,18.0,90.0,Low,Low,2
Micro Zone,18.0,90.5,High,Moderate,5
Micro Zone,18.0,91.0,High,Moderate,5
Micro Zone,18.0,91.5,Low,Moderate,3
Micro Zone,18.0,92.0,Moderate,Low,3
Micro Zone,18.0,92.5,Low,Moderate,3
Micro Zone,18.0,93.0,High,Moderate,5
Micro Zone,18.0,93.5,Low,Moderate,3
Micro Zone,18.0,94.0,Moderate,Low,3
Micro Zone,18.0,94.5,Moderate,Moderate,4
Micro Zone,18.0,95.0,Moderate,High,5
Micro Zone,18.0,95.5,High,High,6
Micro Zone,18.0,96.0,High,Moderate,5
Micro Zone,18.0,96.5,Low,High,4
Micro Zone,18.5,68.0,Moderate,Moderate,4
Micro Zone,18.5,68.5,Moderate,High,5
Micro Zone,18.5,69.0,Moderate,Low,3
Micro Zone,18.5,69.5,High,High,6
Micro Zone,18.5,70.0,Low,Low,2
Micro Zone,18.5,70.5,High,Moderate,5
Micro Zone,18.5,71.0,Low,Moderate,3
Micro Zone,18.5,71.5,Moderate,High,5
Micro Zone,18.5,72.0,High,Moderate,5
Micro Zone,18.5,72.5,Low,High,4
Micro Zone,18.5,73.0,High,High,6
Micro Zone,18.5,73.5,Low,Moderate,3
Micro Zone,18.5,74.0,Low,Moderate,3
Micro Zone,18.5,74.5,High,High,6
Micro Zone,18.5,75.0,High,High,6
Micro Zone,18.5,75.5,Low,High,4
Micro Zone,18.5,76.0,High,Low,4
Micro Zone,18.5,76.5,Moderate,High,5
Micro Zone,18.5,77.0,High,Low,4
Micro Zone,18.5,77.5,Low,Moderate,3
Micro Zone,18.5,78.0,Moderate,High,5
Micro Zone,18.5,78.5,High,High,6
Micro Zone,18.5,79.0,High,High,6
Micro Zone,18.5,79.5,High,Low,4
Micro Zone,18.5,80.0,Low,High,4
Micro Zone,18.5,80.5,Moderate,Moderate,4
Micro Zone,18.5,81.0,High,Moderate,5
Micro Zone,18.5,81.5,Low,Low,2
Micro Zone,18.5,82.0,Low,High,4
Micro Zone,18.5,82.5,Low,Low,2
Micro Zone,18.5,83.0,High,Moderate,5
Micro Zone,18.5,83.5,Moderate,Low,3
Micro Zone,18.5,84.0,High,Low,4
Micro Zone,18.5,84.5,Low,Low,2
Micro Zone,18.5,85.0,High,Moderate,5
Micro Zone,18.5,85.5,High,High,6
Micro Zone,18.5,86.0,Low,Moderate,3
Micro Zone,18.5,86.5,Low,Moderate,3
Micro Zone,18.5,87.0,High,Low,4
Micro Zone,18.5,87.5,Low,Low,2
Micro Zone,18.5,88.0,High,Low,4
Micro Zone,18.5,88.5,High,High,6
Micro Zone,18.5,89.0,Moderate,High,5
Micro Zone,18.5,89.5,High,Low,4
Micro Zone,18.5,90.0,Low,Moderate,3
Micro Zone,18.5,90.5,Low,High,4
Micro Zone,18.5,91.0,Low,High,4
Micro Zone,18.5,91.5,High,Moderate,5
Micro Zone,18.5,92.0,Moderate,High,5
Micro Zone,18.5,92.5,Moderate,Low,3
Micro Zone,18.5,93.0,High,Moderate,5
Micro Zone,18.5,93.5,High,Moderate,5
Micro Zone,18.5,94.0,Moderate,High,5
Micro Zone,18.5,94.5,High,High,6
Micro Zone,18.5,95.0,Low,High,4
Micro Zone,18.5,95.5,Moderate,High,5
Micro Zone,18.5,96.0,Low,High,4
Micro Zone,18.5,96.5,High,Moderate,5
Micro Zone,19.0,68.0,Low,High,4
Micro Zone,19.0,68.5,Low,Moderate,3
Micro Zone,19.0,69.0,High,Moderate,5
Micro Zone,19.0,69.5,Low,High,4
Micro Zone,19.0,70.0,Low,Low,2
Micro Zone,19.0,70.5,Low,High,4
Micro Zone,19.0,71.0,Moderate,High,5
Micro Zone,19.0,71.5,Low,Moderate,3
Micro Zone,19.0,72.0,Low,Low,2
Micro Zone,19.0,72.5,Moderate,Moderate,4
Micro Zone,19.0,73.0,Moderate,High,5
Micro Zone,19.0,73.5,High,Low,4
Micro Zone,19.0,74.0,High,Moderate,5
Micro Zone,19.0,74.5,Low,High,4
Micro Zone,19.0,75.0,Moderate,Low,3
Micro Zone,19.0,75.5,High,Moderate,5
Micro Zone,19.0,76.0,Low,High,4
Micro Zone,19.0,76.5,Low,Moderate,3
Micro Zone,19.0,77.0,Moderate,Moderate,4
Micro Zone,19.0,77.5,High,High,6
Micro Zone,19.0,78.0,High,High,6
Micro Zone,19.0,78.5,Moderate,Moderate,4
Micro Zone,19.0,79.0,High,Moderate,5
Micro Zone,19.0,79.5,Low,Moderate,3
Micro Zone,19.0,80.0,Low,Low,2
Micro Zone,19.0,80.5,Low,High,4
Micro Zone,19.0,81.0,Low,Moderate,3
Micro Zone,19.0,81.5,High,Low,4
Micro Zone,19.0,82.0,Low,High,4
Micro Zone,19.0,82.5,Low,Moderate,3
Micro Zone,19.0,83.0,High,Moderate,5
Micro Zone,19.0,83.5,Low,High,4
Micro Zone,19.0,84.0,Low,Moderate,3
Micro Zone,19.0,84.5,High,High,6
Micro Zone,19.0,85.0,Moderate,Moderate,4
Micro Zone,19.0,85.5,Moderate,Moderate,4
Micro Zone,19.0,86.0,Moderate,Low,3
Micro Zone,19.0,86.5,High,High,6
Micro Zone,19.0,87.0,High,Moderate,5
Micro Zone,19.0,87.5,Low,High,4
Micro Zone,19.0,88.0,Low,Moderate,3
Micro Zone,19.0,88.5,High,High,6
Micro Zone,19.0,89.0,Moderate,Moderate,4
Micro Zone,19.0,89.5,Moderate,High,5
Micro Zone,19.0,90.0,Moderate,High,5
Micro Zone,19.0,90.5,Moderate,High,5
Micro Zone,19.0,91.0,High,Moderate,5
Micro Zone,19.0,91.5,Low,Moderate,3
Micro Zone,19.0,92.0,Moderate,Low,3
Micro Zone,19.0,92.5,Low,Moderate,3
Micro Zone,19.0,93.0,Low,Moderate,3
Micro Zone,19.0,93.5,Low,High,4
Micro Zone,19.0,94.0,High,Moderate,5
Micro Zone,19.0,94.5,Low,High,4
Micro Zone,19.0,95.0,Low,Low,2
Micro Zone,19.0,95.5,Low,Moderate,3
Micro Zone,19.0,96.0,Moderate,High,5
Micro Zone,19.0,96.5,Low,Moderate,3
Micro Zone,19.5,68.0,Low,High,4
Micro Zone,19.5,68.5,Low,High,4
Micro Zone,19.5,69.0,High,Moderate,5
Micro Zone,19.5,69.5,Low,Moderate,3
Micro Zone,19.5,70.0,Low,High,4
Micro Zone,19.5,70.5,Low,Moderate,3
Micro Zone,19.5,71.0,Moderate,Moderate,4
Micro Zone,19.5,71.5,Moderate,High,5
Micro Zone,19.5,72.0,Moderate,High,5
Micro Zone,19.5,72.5,Moderate,Moderate,4
Micro Zone,19.5,73.0,High,High,6
Micro Zone,19.5,73.5,Low,Moderate,3
Micro Zone,19.5,74.0,Low,Moderate,3
Micro Zone,19.5,74.5,High,Moderate,5
Micro Zone,19.5,75.0,Low,High,4
Micro Zone,19.5,75.5,Moderate,Low,3
Micro Zone,19.5,76.0,Moderate,Moderate,4
Micro Zone,19.5,76.5,Low,Moderate,3
Micro Zone,19.5,77.0,Moderate,Low,3
Micro Zone,19.5,77.5,Low,High,4
Micro Zone,19.5,78.0,Low,High,4
Micro Zone,19.5,78.5,High,Low,4
Micro Zone,19.5,79.0,Low,Moderate,3
Micro Zone,19.5,79.5,Low,High,4
Micro Zone,19.5,80.0,High,Moderate,5
Micro Zone,19.5,80.5,High,Moderate,5
Micro Zone,19.5,81.0,High,High,6
Micro Zone,19.5,81.5,Low,High,4
Micro Zone,19.5,82.0,Low,High,4
Micro Zone,19.5,82.5,Moderate,High,5
Micro Zone,19.5,83.0,Moderate,Low,3
Micro Zone,19.5,83.5,Moderate,Moderate,4
Micro Zone,19.5,84.0,Low,High,4
Micro Zone,19.5,84.5,Moderate,High,5
Micro Zone,19.5,85.0,Moderate,Moderate,4
Micro Zone,19.5,85.5,Moderate,Moderate,4
Micro Zone,19.5,86.0,High,High,6
Micro Zone,19.5,86.5,Low,High,4
Micro Zone,19.5,87.0,Low,Moderate,3
Micro Zone,19.5,87.5,Moderate,High,5
Micro Zone,19.5,88.0,High,Moderate,5
Micro Zone,19.5,88.5,High,Low,4
Micro Zone,19.5,89.0,Moderate,Moderate,4
Micro Zone,19.5,89.5,Low,Moderate,3
Micro Zone,19.5,90.0,Low,Low,2
Micro Zone,19.5,90.5,Low,Moderate,3
Micro Zone,19.5,91.0,Low,Moderate,3
Micro Zone,19.5,91.5,Low,High,4
Micro Zone,19.5,92.0,High,High,6
Micro Zone,19.5,92.5,Low,High,4
Micro Zone,19.5,93.0,Low,High,4
Micro Zone,19.5,93.5,Moderate,High,5
Micro Zone,19.5,94.0,High,Moderate,5
Micro Zone,19.5,94.5,Moderate,High,5
Micro Zone,19.5,95.0,Moderate,Moderate,4
Micro Zone,19.5,95.5,High,Low,4
Micro Zone,19.5,96.0,High,Moderate,5
Micro Zone,19.5,96.5,High,Moderate,5
Micro Zone,20.0,68.0,Moderate,High,5
Micro Zone,20.0,68.5,High,Low,4
Micro Zone,20.0,69.0,High,Moderate,5
Micro Zone,20.0,69.5,High,High,6
Micro Zone,20.0,70.0,Low,Low,2
Micro Zone,20.0,70.5,High,High,6
Micro Zone,20.0,71.0,Moderate,High,5
Micro Zone,20.0,71.5,Low,Moderate,3
Micro Zone,20.0,72.0,High,High,6
Micro Zone,20.0,72.5,Low,High,4
Micro Zone,20.0,73.0,High,Low,4
Micro Zone,20.0,73.5,Low,Moderate,3
Micro Zone,20.0,74.0,High,Moderate,5
Micro Zone,20.0,74.5,Moderate,Moderate,4
Micro Zone,20.0,75.0,Moderate,High,5
Micro Zone,20.0,75.5,Low,Moderate,3
Micro Zone,20.0,76.0,Low,Low,2
Micro Zone,20.0,76.5,Low,High,4
Micro Zone,20.0,77.0,Moderate,Moderate,4
Micro Zone,20.0,77.5,High,Low,4
Micro Zone,20.0,78.0,High,Low,4
Micro Zone,20.0,78.5,Moderate,High,5
Micro Zone,20.0,79.0,High,Moderate,5
Micro Zone,20.0,79.5,Low,Moderate,3
Micro Zone,20.0,80.0,Moderate,Moderate,4
Micro Zone,20.0,80.5,Moderate,Low,3
Micro Zone,20.0,81.0,High,High,6
Micro Zone,20.0,81.5,Low,Moderate,3
Micro Zone,20.0,82.0,Moderate,High,5
Micro Zone,20.0,82.5,Moderate,Moderate,4
Micro Zone,20.0,83.0,High,High,6
Micro Zone,20.0,83.5,Low,Moderate,3
Micro Zone,20.0,84.0,High,Low,4
Micro Zone,20.0,84.5,High,Low,4
Micro Zone,20.0,85.0,Low,Moderate,3
Micro Zone,20.0,85.5,High,Moderate,5
Micro Zone,20.0,86.0,Low,Low,2
Micro Zone,20.0,86.5,High,High,6
Micro Zone,20.0,87.0,Low,High,4
Micro Zone,20.0,87.5,Low,High,4
Micro Zone,20.0,88.0,Moderate,High,5
Micro Zone,20.0,88.5,Moderate,Low,3
Micro Zone,20.0,89.0,Moderate,Moderate,4
Micro Zone,20.0,89.5,Low,Moderate,3
Micro Zone,20.0,90.0,Low,High,4
Micro Zone,20.0,90.5,Moderate,High,5
Micro Zone,20.0,91.0,Moderate,High,5
Micro Zone,20.0,91.5,High,Low,4
Micro Zone,20.0,92.0,High,High,6
Micro Zone,20.0,92.5,Moderate,Low,3
Micro Zone,20.0,93.0,High,Moderate,5
Micro Zone,20.0,93.5,Low,High,4
Micro Zone,20.0,94.0,High,High,6
Micro Zone,20.0,94.5,High,High,6
Micro Zone,20.0,95.0,Moderate,Low,3
Micro Zone,20.0,95.5,Low,Low,2
Micro Zone,20.0,96.0,Low,Low,2
Micro Zone,20.0,96.5,Low,High,4
Micro Zone,20.5,68.0,High,High,6
Micro Zone,20.5,68.5,Low,Moderate,3
Micro Zone,20.5,69.0,Low,High,4
Micro Zone,20.5,69.5,Moderate,High,5
Micro Zone,20.5,70.0,Moderate,High,5
Micro Zone,20.5,70.5,Low,High,4
Micro Zone,20.5,71.0,Moderate,Moderate,4
Micro Zone,20.5,71.5,High,Moderate,5
Micro Zone,20.5,72.0,High,High,6
Micro Zone,20.5,72.5,Moderate,High,5
Micro Zone,20.5,73.0,Low,Moderate,3
Micro Zone,20.5,73.5,Moderate,Moderate,4
Micro Zone,20.5,74.0,Moderate,Moderate,4
Micro Zone,20.5,74.5,High,Moderate,5
Micro Zone,20.5,75.0,Moderate,Moderate,4
Micro Zone,20.5,75.5,High,Moderate,5
Micro Zone,20.5,76.0,Moderate,Low,3
Micro Zone,20.5,76.5,Low,Moderate,3
Micro Zone,20.5,77.0,Moderate,Moderate,4
Micro Zone,20.5,77.5,Moderate,High,5
Micro Zone,20.5,78.0,Low,Low,2
Micro Zone,20.5,78.5,Moderate,High,5
Micro Zone,20.5,79.0,Moderate,Low,3
Micro Zone,20.5,79.5,Low,High,4
Micro Zone,20.5,80.0,Low,High,4
Micro Zone,20.5,80.5,High,Moderate,5
Micro Zone,20.5,81.0,Low,Low,2
Micro Zone,20.5,81.5,Low,High,4
Micro Zone,20.5,82.0,Low,Moderate,3
Micro Zone,20.5,82.5,High,Low,4
Micro Zone,20.5,83.0,Low,Low,2
Micro Zone,20.5,83.5,High,Moderate,5
Micro Zone,20.5,84.0,Moderate,High,5
Micro Zone,20.5,84.5,Low,Low,2
Micro Zone,20.5,85.0,Low,High,4
Micro Zone,20.5,85.5,High,High,6
Micro Zone,20.5,86.0,Moderate,Low,3
Micro Zone,20.5,86.5,High,Moderate,5
Micro Zone,20.5,87.0,Low,High,4
Micro Zone,20.5,87.5,Moderate,Moderate,4
Micro Zone,20.5,88.0,Low,Low,2
Micro Zone,20.5,88.5,High,High,6
Micro Zone,20.5,89.0,Low,High,4
Micro Zone,20.5,89.5,Low,Moderate,3
Micro Zone,20.5,90.0,High,Moderate,5
Micro Zone,20.5,90.5,Low,High,4
Micro Zone,20.5,91.0,Low,High,4
Micro Zone,20.5,91.5,Low,High,4
Micro Zone,20.5,92.0,High,Moderate,5
Micro Zone,20.5,92.5,High,Low,4
Micro Zone,20.5,93.0,Low,High,4
Micro Zone,20.5,93.5,Low,Moderate,3
Micro Zone,20.5,94.0,Moderate,Moderate,4
Micro Zone,20.5,94.5,Low,Moderate,3
Micro Zone,20.5,95.0,High,Moderate,5
Micro Zone,20.5,95.5,High,High,6
Micro Zone,20.5,96.0,Low,Moderate,3
Micro Zone,20.5,96.5,High,Moderate,5
Micro Zone,21.0,68.0,Moderate,High,5
Micro Zone,21.0,68.5,Moderate,Moderate,4
Micro Zone,21.0,69.0,High,High,6
Micro Zone,21.0,69.5,Moderate,Moderate,4
Micro Zone,21.0,70.0,Low,Low,2
Micro Zone,21.0,70.5,Low,High,4
Micro Zone,21.0,71.0,Moderate,High,5
Micro Zone,21.0,71.5,Moderate,Low,3
Micro Zone,21.0,72.0,Low,Moderate,3
Micro Zone,21.0,72.5,High,High,6
Micro Zone,21.0,73.0,Moderate,Moderate,4
Micro Zone,21.0,73.5,High,Low,4
Micro Zone,21.0,74.0,Moderate,Moderate,4
Micro Zone,21.0,74.5,High,Moderate,5
Micro Zone,21.0,75.0,Moderate,Low,3
Micro Zone,21.0,75.5,Low,Moderate,3
Micro Zone,21.0,76.0,High,High,6
Micro Zone,21.0,76.5,Low,High,4
Micro Zone,21.0,77.0,Moderate,High,5
Micro Zone,21.0,77.5,High,High,6
Micro Zone,21.0,78.0,High,Low,4
Micro Zone,21.0,78.5,Low,Low,2
Micro Zone,21.0,79.0,Low,High,4
Micro Zone,21.0,79.5,Moderate,Low,3
Micro Zone,21.0,80.0,Moderate,Moderate,4
Micro Zone,21.0,80.5,High,Moderate,5
Micro Zone,21.0,81.0,Low,Low,2
Micro Zone,21.0,81.5,Low,Moderate,3
Micro Zone,21.0,82.0,Moderate,Moderate,4
Micro Zone,21.0,82.5,High,Low,4
Micro Zone,21.0,83.0,High,High,6
Micro Zone,21.0,83.5,Low,Moderate,3
Micro Zone,21.0,84.0,Low,High,4
Micro Zone,21.0,84.5,Moderate,High,5
Micro Zone,21.0,85.0,High,Moderate,5
Micro Zone,21.0,85.5,Low,Moderate,3
Micro Zone,21.0,86.0,Low,Moderate,3
Micro Zone,21.0,86.5,Low,Moderate,3
Micro Zone,21.0,87.0,Low,Moderate,3
Micro Zone,21.0,87.5,Moderate,Low,3
Micro Zone,21.0,88.0,Low,Low,2
Micro Zone,21.0,88.5,Low,Moderate,3
Micro Zone,21.0,89.0,Low,Low,2
Micro Zone,21.0,89.5,High,High,6
Micro Zone,21.0,90.0,High,Low,4
Micro Zone,21.0,90.5,Moderate,Moderate,4
Micro Zone,21.0,91.0,High,High,6
Micro Zone,21.0,91.5,Low,High,4
Micro Zone,21.0,92.0,High,Moderate,5
Micro Zone,21.0,92.5,High,Moderate,5
Micro Zone,21.0,93.0,Moderate,High,5
Micro Zone,21.0,93.5,High,High,6
Micro Zone,21.0,94.0,Moderate,High,5
Micro Zone,21.0,94.5,Low,Moderate,3
Micro Zone,21.0,95.0,Low,Moderate,3
Micro Zone,21.0,95.5,Low,Moderate,3
Micro Zone,21.0,96.0,Low,High,4
Micro Zone,21.0,96.5,Moderate,Moderate,4
Micro Zone,21.5,68.0,Low,Moderate,3
Micro Zone,21.5,68.5,High,Moderate,5
Micro Zone,21.5,69.0,Moderate,Low,3
Micro Zone,21.5,69.5,Moderate,Moderate,4
Micro Zone,21.5,70.0,Low,High,4
Micro Zone,21.5,70.5,Low,Moderate,3
Micro Zone,21.5,71.0,Low,High,4
Micro Zone,21.5,71.5,Moderate,High,5
Micro Zone,21.5,72.0,High,Moderate,5
Micro Zone,21.5,72.5,High,High,6
Micro Zone,21.5,73.0,High,Moderate,5
Micro Zone,21.5,73.5,High,Moderate,5
Micro Zone,21.5,74.0,High,High,6
Micro Zone,21.5,74.5,Moderate,Low,3
Micro Zone,21.5,75.0,High,Moderate,5
Micro Zone,21.5,75.5,Low,Moderate,3
Micro Zone,21.5,76.0,Low,High,4
Micro Zone,21.5,76.5,Moderate,High,5
Micro Zone,21.5,77.0,High,Moderate,5
Micro Zone,21.5,77.5,High,High,6
Micro Zone,21.5,78.0,High,Moderate,5
Micro Zone,21.5,78.5,Moderate,Moderate,4
Micro Zone,21.5,79.0,Low,High,4
Micro Zone,21.5,79.5,Low,High,4
Micro Zone,21.5,80.0,Low,Moderate,3
Micro Zone,21.5,80.5,High,Moderate,5
Micro Zone,21.5,81.0,Moderate,High,5
Micro Zone,21.5,81.5,Moderate,Moderate,4
Micro Zone,21.5,82.0,High,Low,4
Micro Zone,21.5,82.5,High,High,6
Micro Zone,21.5,83.0,Low,High,4
Micro Zone,21.5,83.5,Low,High,4
Micro Zone,21.5,84.0,Low,High,4
Micro Zone,21.5,84.5,Moderate,Moderate,4
Micro Zone,21.5,85.0,Low,Moderate,3
Micro Zone,21.5,85.5,High,Low,4
Micro Zone,21.5,86.0,Low,High,4
Micro Zone,21.5,86.5,Low,Moderate,3
Micro Zone,21.5,87.0,Low,High,4
Micro Zone,21.5,87.5,High,Moderate,5
Micro Zone,21.5,88.0,Moderate,Moderate,4
Micro Zone,21.5,88.5,Moderate,Moderate,4
Micro Zone,21.5,89.0,Low,Moderate,3
Micro Zone,21.5,89.5,Low,Low,2
Micro Zone,21.5,90.0,High,Moderate,5
Micro Zone,21.5,90.5,Low,Moderate,3
Micro Zone,21.5,91.0,High,Moderate,5
Micro Zone,21.5,91.5,Low,High,4
Micro Zone,21.5,92.0,Low,Moderate,3
Micro Zone,21.5,92.5,High,Moderate,5
Micro Zone,21.5,93.0,Low,High,4
Micro Zone,21.5,93.5,High,High,6
Micro Zone,21.5,94.0,Low,High,4
Micro Zone,21.5,94.5,High,Moderate,5
Micro Zone,21.5,95.0,High,Moderate,5
Micro Zone,21.5,95.5,Low,Moderate,3
Micro Zone,21.5,96.0,High,Moderate,5
Micro Zone,21.5,96.5,Low,Moderate,3
Micro Zone,22.0,68.0,Moderate,High,5
Micro Zone,22.0,68.5,Low,High,4
Micro Zone,22.0,69.0,Low,Moderate,3
Micro Zone,22.0,69.5,Moderate,High,5
Micro Zone,22.0,70.0,Low,High,4
Micro Zone,22.0,70.5,Low,High,4
Micro Zone,22.0,71.0,High,Moderate,5
Micro Zone,22.0,71.5,Low,Moderate,3
Micro Zone,22.0,72.0,Low,High,4
Micro Zone,22.0,72.5,Low,Moderate,3
Micro Zone,22.0,73.0,Low,High,4
Micro Zone,22.0,73.5,High,Moderate,5
Micro Zone,22.0,74.0,Low,Low,2
Micro Zone,22.0,74.5,Moderate,Low,3
Micro Zone,22.0,75.0,Low,Low,2
Micro Zone,22.0,75.5,Moderate,High,5
Micro Zone,22.0,76.0,Low,Moderate,3
Micro Zone,22.0,76.5,Moderate,High,5
Micro Zone,22.0,77.0,Moderate,Moderate,4
Micro Zone,22.0,77.5,Moderate,High,5
Micro Zone,22.0,78.0,Moderate,High,5
Micro Zone,22.0,78.5,Low,Moderate,3
Micro Zone,22.0,79.0,Low,Low,2
Micro Zone,22.0,79.5,High,Low,4
Micro Zone,22.0,80.0,Low,Moderate,3
Micro Zone,22.0,80.5,Moderate,Moderate,4
Micro Zone,22.0,81.0,Moderate,High,5
Micro Zone,22.0,81.5,Low,Moderate,3
Micro Zone,22.0,82.0,Low,High,4
Micro Zone,22.0,82.5,Low,Moderate,3
Micro Zone,22.0,83.0,Moderate,Moderate,4
Micro Zone,22.0,83.5,Moderate,High,5
Micro Zone,22.0,84.0,High,Moderate,5
Micro Zone,22.0,84.5,Low,High,4
Micro Zone,22.0,85.0,High,High,6
Micro Zone,22.0,85.5,High,Moderate,5
Micro Zone,22.0,86.0,Low,Low,2
Micro Zone,22.0,86.5,High,High,6
Micro Zone,22.0,87.0,Low,High,4
Micro Zone,22.0,87.5,Low,High,4
Micro Zone,22.0,88.0,Low,High,4
Micro Zone,22.0,88.5,Moderate,Low,3
Micro Zone,22.0,89.0,High,Moderate,5
Micro Zone,22.0,89.5,High,Moderate,5
Micro Zone,22.0,90.0,Low,Moderate,3
Micro Zone,22.0,90.5,Moderate,Moderate,4
Micro Zone,22.0,91.0,Moderate,Moderate,4
Micro Zone,22.0,91.5,Moderate,High,5
Micro Zone,22.0,92.0,High,High,6
Micro Zone,22.0,92.5,Low,Low,2
Micro Zone,22.0,93.0,Moderate,High,5
Micro Zone,22.0,93.5,Low,Moderate,3
Micro Zone,22.0,94.0,High,Moderate,5
Micro Zone,22.0,94.5,Low,High,4
Micro Zone,22.0,95.0,Moderate,High,5
Micro Zone,22.0,95.5,High,High,6
Micro Zone,22.0,96.0,High,High,6
Micro Zone,22.0,96.5,Low,Low,2
Micro Zone,22.5,68.0,Low,Moderate,3
Micro Zone,22.5,68.5,Moderate,Moderate,4
Micro Zone,22.5,69.0,High,Low,4
Micro Zone,22.5,69.5,High,High,6
Micro Zone,22.5,70.0,Low,High,4
Micro Zone,22.5,70.5,Moderate,High,5
Micro Zone,22.5,71.0,Moderate,Moderate,4
Micro Zone,22.5,71.5,Moderate,Moderate,4
Micro Zone,22.5,72.0,High,Moderate,5
Micro Zone,22.5,72.5,High,Moderate,5
Micro Zone,22.5,73.0,Low,High,4
Micro Zone,22.5,73.5,Moderate,High,5
Micro Zone,22.5,74.0,High,Low,4
Micro Zone,22.5,74.5,Moderate,High,5
Micro Zone,22.5,75.0,High,Low,4
Micro Zone,22.5,75.5,High,High,6
Micro Zone,22.5,76.0,Low,Moderate,3
Micro Zone,22.5,76.5,Moderate,Moderate,4
Micro Zone,22.5,77.0,Low,Moderate,3
Micro Zone,22.5,77.5,Moderate,High,5
Micro Zone,22.5,78.0,Low,High,4
Micro Zone,22.5,78.5,High,High,6
Micro Zone,22.5,79.0,High,High,6
Micro Zone,22.5,79.5,Moderate,Moderate,4
Micro Zone,22.5,80.0,High,Moderate,5
Micro Zone,22.5,80.5,High,High,6
Micro Zone,22.5,81.0,Low,Low,2
Micro Zone,22.5,81.5,Low,Low,2
Micro Zone,22.5,82.0,High,Low,4
Micro Zone,22.5,82.5,High,High,6
Micro Zone,22.5,83.0,Moderate,Low,3
Micro Zone,22.5,83.5,Low,High,4
Micro Zone,22.5,84.0,Low,Moderate,3
Micro Zone,22.5,84.5,High,Moderate,5
Micro Zone,22.5,85.0,Moderate,Moderate,4
Micro Zone,22.5,85.5,High,High,6
Micro Zone,22.5,86.0,Low,High,4
Micro Zone,22.5,86.5,Moderate,Low,3
Micro Zone,22.5,87.0,Low,Moderate,3
Micro Zone,22.5,87.5,High,Moderate,5
Micro Zone,22.5,88.0,Moderate,High,5
Micro Zone,22.5,88.5,Low,Low,2
Micro Zone,22.5,89.0,Low,High,4
Micro Zone,22.5,89.5,Moderate,High,5
Micro Zone,22.5,90.0,Low,Moderate,3
Micro Zone,22.5,90.5,High,Moderate,5
Micro Zone,22.5,91.0,Moderate,Moderate,4
Micro Zone,22.5,91.5,Low,High,4
Micro Zone,22.5,92.0,Moderate,High,5
Micro Zone,22.5,92.5,Moderate,High,5
Micro Zone,22.5,93.0,High,Low,4
Micro Zone,22.5,93.5,Low,Low,2
Micro Zone,22.5,94.0,Low,Low,2
Micro Zone,22.5,94.5,High,Low,4
Micro Zone,22.5,95.0,Low,Moderate,3
Micro Zone,22.5,95.5,High,High,6
Micro Zone,22.5,96.0,High,High,6
Micro Zone,22.5,96.5,Moderate,Moderate,4
Micro Zone,23.0,68.0,High,Low,4
Micro Zone,23.0,68.5,Low,Moderate,3
Micro Zone,23.0,69.0,Moderate,Moderate,4
Micro Zone,23.0,69.5,Moderate,Moderate,4
Micro Zone,23.0,70.0,Low,Low,2
Micro Zone,23.0,70.5,Moderate,High,5
Micro Zone,23.0,71.0,High,Moderate,5
Micro Zone,23.0,71.5,High,Low,4
Micro Zone,23.0,72.0,High,High,6
Micro Zone,23.0,72.5,Low,High,4
Micro Zone,23.0,73.0,Moderate,Low,3
Micro Zone,23.0,73.5,Low,High,4
Micro Zone,23.0,74.0,High,Moderate,5
Micro Zone,23.0,74.5,High,Low,4
Micro Zone,23.0,75.0,Moderate,Moderate,4
Micro Zone,23.0,75.5,High,High,6
Micro Zone,23.0,76.0,Low,Moderate,3
Micro Zone,23.0,76.5,Moderate,High,5
Micro Zone,23.0,77.0,Moderate,High,5
Micro Zone,23.0,77.5,Moderate,High,5
Micro Zone,23.0,78.0,Moderate,Low,3
Micro Zone,23.0,78.5,High,Low,4
Micro Zone,23.0,79.0,Low,Moderate,3
Micro Zone,23.0,79.5,Moderate,Moderate,4
Micro Zone,23.0,80.0,High,Moderate,5
Micro Zone,23.0,80.5,Moderate,Low,3
Micro Zone,23.0,81.0,Moderate,High,5
Micro Zone,23.0,81.5,High,High,6
Micro Zone,23.0,82.0,High,High,6
Micro Zone,23.0,82.5,Moderate,High,5
Micro Zone,23.0,83.0,Low,High,4
Micro Zone,23.0,83.5,Moderate,Moderate,4
Micro Zone,23.0,84.0,Moderate,Low,3
Micro Zone,23.0,84.5,Moderate,Moderate,4
Micro Zone,23.0,85.0,Moderate,High,5
Micro Zone,23.0,85.5,Low,High,4
Micro Zone,23.0,86.0,High,Moderate,5
Micro Zone,23.0,86.5,Moderate,Moderate,4
Micro Zone,23.0,87.0,Low,Moderate,3
Micro Zone,23.0,87.5,Moderate,High,5
Micro Zone,23.0,88.0,Low,High,4
Micro Zone,23.0,88.5,Low,High,4
Micro Zone,23.0,89.0,Moderate,Moderate,4
Micro Zone,23.0,89.5,Low,Moderate,3
Micro Zone,23.0,90.0,Low,High,4
Micro Zone,23.0,90.5,High,Moderate,5
Micro Zone,23.0,91.0,High,Moderate,5
Micro Zone,23.0,91.5,High,Low,4
Micro Zone,23.0,92.0,Moderate,Moderate,4
Micro Zone,23.0,92.5,High,Moderate,5
Micro Zone,23.0,93.0,High,Moderate,5
Micro Zone,23.0,93.5,Moderate,High,5
Micro Zone,23.0,94.0,Low,Moderate,3
Micro Zone,23.0,94.5,High,Low,4
Micro Zone,23.0,95.0,High,Low,4
Micro Zone,23.0,95.5,Moderate,High,5
Micro Zone,23.0,96.0,Moderate,Low,3
Micro Zone,23.0,96.5,Low,Low,2
Micro Zone,23.5,68.0,Low,Moderate,3
Micro Zone,23.5,68.5,High,Moderate,5
Micro Zone,23.5,69.0,Low,Moderate,3
Micro Zone,23.5,69.5,Low,Moderate,3
Micro Zone,23.5,70.0,High,High,6
Micro Zone,23.5,70.5,Low,High,4
Micro Zone,23.5,71.0,Moderate,High,5
Micro Zone,23.5,71.5,Low,Moderate,3
Micro Zone,23.5,72.0,High,High,6
Micro Zone,23.5,72.5,Low,Moderate,3
Micro Zone,23.5,73.0,Moderate,High,5
Micro Zone,23.5,73.5,Moderate,Low,3
Micro Zone,23.5,74.0,Low,High,4
Micro Zone,23.5,74.5,High,Moderate,5
Micro Zone,23.5,75.0,Moderate,High,5
Micro Zone,23.5,75.5,High,High,6
Micro Zone,23.5,76.0,Low,High,4
Micro Zone,23.5,76.5,High,High,6
Micro Zone,23.5,77.0,High,Moderate,5
Micro Zone,23.5,77.5,High,Low,4
Micro Zone,23.5,78.0,Moderate,High,5
Micro Zone,23.5,78.5,Moderate,High,5
Micro Zone,23.5,79.0,High,Moderate,5
Micro Zone,23.5,79.5,High,High,6
Micro Zone,23.5,80.0,High,High,6
Micro Zone,23.5,80.5,Low,Moderate,3
Micro Zone,23.5,81.0,Low,Moderate,3
Micro Zone,23.5,81.5,Low,Moderate,3
Micro Zone,23.5,82.0,Low,Moderate,3
Micro Zone,23.5,82.5,Low,Moderate,3
Micro Zone,23.5,83.0,Low,High,4
Micro Zone,23.5,83.5,High,High,6
Micro Zone,23.5,84.0,Moderate,High,5
Micro Zone,23.5,84.5,Low,High,4
Micro Zone,23.5,85.0,Low,Moderate,3
Micro Zone,23.5,85.5,Low,Low,2
Micro Zone,23.5,86.0,Low,High,4
Micro Zone,23.5,86.5,High,High,6
Micro Zone,23.5,87.0,Low,Moderate,3
Micro Zone,23.5,87.5,High,Moderate,5
Micro Zone,23.5,88.0,Low,Moderate,3
Micro Zone,23.5,88.5,Moderate,Moderate,4
Micro Zone,23.5,89.0,Low,Low,2
Micro Zone,23.5,89.5,Moderate,Low,3
Micro Zone,23.5,90.0,Low,Moderate,3
Micro Zone,23.5,90.5,Low,High,4
Micro Zone,23.5,91.0,Low,Moderate,3
Micro Zone,23.5,91.5,Low,Moderate,3
Micro Zone,23.5,92.0,High,Moderate,5
Micro Zone,23.5,92.5,Moderate,Low,3
Micro Zone,23.5,93.0,Low,Low,2
Micro Zone,23.5,93.5,Low,High,4
Micro Zone,23.5,94.0,High,High,6
Micro Zone,23.5,94.5,High,Low,4
Micro Zone,23.5,95.0,Moderate,Moderate,4
Micro Zone,23.5,95.5,High,High,6
Micro Zone,23.5,96.0,Low,Low,2
Micro Zone,23.5,96.5,High,High,6
Micro Zone,24.0,68.0,Moderate,High,5
Micro Zone,24.0,68.5,Low,Low,2
Micro Zone,24.0,69.0,Low,Moderate,3
Micro Zone,24.0,69.5,High,Moderate,5
Micro Zone,24.0,70.0,High,High,6
Micro Zone,24.0,70.5,Low,Moderate,3
Micro Zone,24.0,71.0,Low,High,4
Micro Zone,24.0,71.5,Low,High,4
Micro Zone,24.0,72.0,High,High,6
Micro Zone,24.0,72.5,Low,Moderate,3
Micro Zone,24.0,73.0,Low,Low,2
Micro Zone,24.0,73.5,High,Low,4
Micro Zone,24.0,74.0,Low,High,4
Micro Zone,24.0,74.5,Moderate,Moderate,4
Micro Zone,24.0,75.0,Low,Moderate,3
Micro Zone,24.0,75.5,Low,Moderate,3
Micro Zone,24.0,76.0,Low,High,4
Micro Zone,24.0,76.5,Moderate,Low,3
Micro Zone,24.0,77.0,Low,Low,2
Micro Zone,24.0,77.5,Low,High,4
Micro Zone,24.0,78.0,Moderate,High,5
Micro Zone,24.0,78.5,Low,High,4
Micro Zone,24.0,79.0,Moderate,Moderate,4
Micro Zone,24.0,79.5,High,Low,4
Micro Zone,24.0,80.0,High,Moderate,5
Micro Zone,24.0,80.5,High,Low,4
Micro Zone,24.0,81.0,High,Moderate,5
Micro Zone,24.0,81.5,Low,Low,2
Micro Zone,24.0,82.0,Low,High,4
Micro Zone,24.0,82.5,Low,High,4
Micro Zone,24.0,83.0,High,Moderate,5
Micro Zone,24.0,83.5,Low,Moderate,3
Micro Zone,24.0,84.0,High,High,6
Micro Zone,24.0,84.5,Low,High,4
Micro Zone,24.0,85.0,Low,Moderate,3
Micro Zone,24.0,85.5,Moderate,Moderate,4
Micro Zone,24.0,86.0,Moderate,High,5
Micro Zone,24.0,86.5,Low,Low,2
Micro Zone,24.0,87.0,Low,Moderate,3
Micro Zone,24.0,87.5,High,Moderate,5
Micro Zone,24.0,88.0,Moderate,High,5
Micro Zone,24.0,88.5,Low,High,4
Micro Zone,24.0,89.0,High,High,6
Micro Zone,24.0,89.5,High,Moderate,5
Micro Zone,24.0,90.0,Low,Moderate,3
Micro Zone,24.0,90.5,Moderate,Moderate,4
Micro Zone,24.0,91.0,High,Moderate,5
Micro Zone,24.0,91.5,Moderate,Moderate,4
Micro Zone,24.0,92.0,Moderate,Moderate,4
Micro Zone,24.0,92.5,High,High,6
Micro Zone,24.0,93.0,High,Moderate,5
Micro Zone,24.0,93.5,High,High,6
Micro Zone,24.0,94.0,High,High,6
Micro Zone,24.0,94.5,Low,High,4
Micro Zone,24.0,95.0,Moderate,High,5
Micro Zone,24.0,95.5,Low,Moderate,3
Micro Zone,24.0,96.0,Low,Low,2
Micro Zone,24.0,96.5,Low,High,4
Micro Zone,24.5,68.0,Moderate,Low,3
Micro Zone,24.5,68.5,Low,High,4
Micro Zone,24.5,69.0,Low,Moderate,3
Micro Zone,24.5,69.5,High,Moderate,5
Micro Zone,24.5,70.0,High,Moderate,5
Micro Zone,24.5,70.5,High,Low,4
Micro Zone,24.5,71.0,Moderate,Moderate,4
Micro Zone,24.5,71.5,High,High,6
Micro Zone,24.5,72.0,High,Low,4
Micro Zone,24.5,72.5,Low,High,4
Micro Zone,24.5,73.0,Low,Moderate,3
Micro Zone,24.5,73.5,High,Moderate,5
Micro Zone,24.5,74.0,Low,High,4
Micro Zone,24.5,74.5,High,High,6
Micro Zone,24.5,75.0,High,High,6
Micro Zone,24.5,75.5,High,Low,4
Micro Zone,24.5,76.0,Moderate,Moderate,4
Micro Zone,24.5,76.5,High,Low,4
Micro Zone,24.5,77.0,Moderate,Moderate,4
Micro Zone,24.5,77.5,High,Moderate,5
Micro Zone,24.5,78.0,Moderate,Low,3
Micro Zone,24.5,78.5,Moderate,High,5
Micro Zone,24.5,79.0,Low,Moderate,3
Micro Zone,24.5,79.5,Low,High,4
Micro Zone,24.5,80.0,High,High,6
Micro Zone,24.5,80.5,High,Low,4
Micro Zone,24.5,81.0,Low,Low,2
Micro Zone,24.5,81.5,Low,Moderate,3
Micro Zone,24.5,82.0,Low,Moderate,3
Micro Zone,24.5,82.5,Low,High,4
Micro Zone,24.5,83.0,High,Moderate,5
Micro Zone,24.5,83.5,Moderate,High,5
Micro Zone,24.5,84.0,Low,Moderate,3
Micro Zone,24.5,84.5,Moderate,Moderate,4
Micro Zone,24.5,85.0,Low,Moderate,3
Micro Zone,24.5,85.5,Moderate,High,5
Micro Zone,24.5,86.0,Low,High,4
Micro Zone,24.5,86.5,Moderate,Moderate,4
Micro Zone,24.5,87.0,High,Low,4
Micro Zone,24.5,87.5,High,Moderate,5
Micro Zone,24.5,88.0,Low,Moderate,3
Micro Zone,24.5,88.5,Moderate,Low,3
Micro Zone,24.5,89.0,Low,Moderate,3
Micro Zone,24.5,89.5,High,Moderate,5
Micro Zone,24.5,90.0,Moderate,Low,3
Micro Zone,24.5,90.5,Low,High,4
Micro Zone,24.5,91.0,Low,High,4
Micro Zone,24.5,91.5,High,Low,4
Micro Zone,24.5,92.0,Low,Low,2
Micro Zone,24.5,92.5,Moderate,Moderate,4
Micro Zone,24.5,93.0,High,High,6
Micro Zone,24.5,93.5,High,High,6
Micro Zone,24.5,94.0,Moderate,High,5
Micro Zone,24.5,94.5,Low,High,4
Micro Zone,24.5,95.0,High,Moderate,5
Micro Zone,24.5,95.5,High,High,6
Micro Zone,24.5,96.0,Moderate,High,5
Micro Zone,24.5,96.5,High,Moderate,5
Micro Zone,25.0,68.0,Moderate,Moderate,4
Micro Zone,25.0,68.5,High,Moderate,5
Micro Zone,25.0,69.0,Moderate,Low,3
Micro Zone,25.0,69.5,Moderate,Moderate,4
Micro Zone,25.0,70.0,Low,Moderate,3
Micro Zone,25.0,70.5,Low,Low,2
Micro Zone,25.0,71.0,Moderate,Moderate,4
Micro Zone,25.0,71.5,High,High,6
Micro Zone,25.0,72.0,Moderate,Moderate,4
Micro Zone,25.0,72.5,Low,Moderate,3
Micro Zone,25.0,73.0,Low,Low,2
Micro Zone,25.0,73.5,Moderate,High,5
Micro Zone,25.0,74.0,Low,Low,2
Micro Zone,25.0,74.5,Low,Moderate,3
Micro Zone,25.0,75.0,Low,High,4
Micro Zone,25.0,75.5,Low,High,4
Micro Zone,25.0,76.0,Low,High,4
Micro Zone,25.0,76.5,Low,Moderate,3
Micro Zone,25.0,77.0,Moderate,Moderate,4
Micro Zone,25.0,77.5,Low,Moderate,3
Micro Zone,25.0,78.0,Moderate,High,5
Micro Zone,25.0,78.5,Low,High,4
Micro Zone,25.0,79.0,Low,Moderate,3
Micro Zone,25.0,79.5,Moderate,High,5
Micro Zone,25.0,80.0,Moderate,Moderate,4
Micro Zone,25.0,80.5,High,Low,4
Micro Zone,25.0,81.0,High,Moderate,5
Micro Zone,25.0,81.5,Low,High,4
Micro Zone,25.0,82.0,Moderate,High,5
Micro Zone,25.0,82.5,Moderate,Low,3
Micro Zone,25.0,83.0,High,High,6
Micro Zone,25.0,83.5,Low,High,4
Micro Zone,25.0,84.0,Moderate,Moderate,4
Micro Zone,25.0,84.5,Moderate,High,5
Micro Zone,25.0,85.0,Moderate,Moderate,4
Micro Zone,25.0,85.5,High,Moderate,5
Micro Zone,25.0,86.0,High,Low,4
Micro Zone,25.0,86.5,Low,High,4
Micro Zone,25.0,87.0,Low,Low,2
Micro Zone,25.0,87.5,High,High,6
Micro Zone,25.0,88.0,Moderate,Low,3
Micro Zone,25.0,88.5,High,Moderate,5
Micro Zone,25.0,89.0,High,Moderate,5
Micro Zone,25.0,89.5,Low,High,4
Micro Zone,25.0,90.0,Low,Moderate,3
Micro Zone,25.0,90.5,Low,High,4
Micro Zone,25.0,91.0,Low,Moderate,3
Micro Zone,25.0,91.5,Low,Moderate,3
Micro Zone,25.0,92.0,Low,High,4
Micro Zone,25.0,92.5,Moderate,High,5
Micro Zone,25.0,93.0,High,Moderate,5
Micro Zone,25.0,93.5,Low,High,4
Micro Zone,25.0,94.0,Low,Moderate,3
Micro Zone,25.0,94.5,High,High,6
Micro Zone,25.0,95.0,Moderate,High,5
Micro Zone,25.0,95.5,Moderate,High,5
Micro Zone,25.0,96.0,Low,Moderate,3
Micro Zone,25.0,96.5,Moderate,High,5
Micro Zone,25.5,68.0,High,Moderate,5
Micro Zone,25.5,68.5,Moderate,High,5
Micro Zone,25.5,69.0,High,High,6
Micro Zone,25.5,69.5,High,High,6
Micro Zone,25.5,70.0,High,Low,4
Micro Zone,25.5,70.5,High,Moderate,5
Micro Zone,25.5,71.0,High,Moderate,5
Micro Zone,25.5,71.5,Moderate,High,5
Micro Zone,25.5,72.0,Moderate,High,5
Micro Zone,25.5,72.5,Moderate,Moderate,4
Micro Zone,25.5,73.0,Low,Low,2
Micro Zone,25.5,73.5,Low,Moderate,3
Micro Zone,25.5,74.0,High,Low,4
Micro Zone,25.5,74.5,Moderate,Low,3
Micro Zone,25.5,75.0,Moderate,Moderate,4
Micro Zone,25.5,75.5,Moderate,Low,3
Micro Zone,25.5,76.0,High,Low,4
Micro Zone,25.5,76.5,Moderate,Moderate,4
Micro Zone,25.5,77.0,High,High,6
Micro Zone,25.5,77.5,High,Moderate,5
Micro Zone,25.5,78.0,Moderate,Moderate,4
Micro Zone,25.5,78.5,High,High,6
Micro Zone,25.5,79.0,High,High,6
Micro Zone,25.5,79.5,Low,High,4
Micro Zone,25.5,80.0,Low,Moderate,3
Micro Zone,25.5,80.5,Moderate,Moderate,4
Micro Zone,25.5,81.0,Low,Low,2
Micro Zone,25.5,81.5,High,Low,4
Micro Zone,25.5,82.0,High,High,6
Micro Zone,25.5,82.5,Moderate,Moderate,4
Micro Zone,25.5,83.0,High,High,6
Micro Zone,25.5,83.5,High,Moderate,5
Micro Zone,25.5,84.0,High,Moderate,5
Micro Zone,25.5,84.5,Low,Moderate,3
Micro Zone,25.5,85.0,Low,Low,2
Micro Zone,25.5,85.5,Moderate,High,5
Micro Zone,25.5,86.0,Moderate,High,5
Micro Zone,25.5,86.5,Low,Moderate,3
Micro Zone,25.5,87.0,Moderate,Low,3
Micro Zone,25.5,87.5,Low,Low,2
Micro Zone,25.5,88.0,High,Moderate,5
Micro Zone,25.5,88.5,High,Low,4
Micro Zone,25.5,89.0,Low,Low,2
Micro Zone,25.5,89.5,Moderate,High,5
Micro Zone,25.5,90.0,High,Moderate,5
Micro Zone,25.5,90.5,High,High,6
Micro Zone,25.5,91.0,High,Low,4
Micro Zone,25.5,91.5,Low,Moderate,3
Micro Zone,25.5,92.0,Moderate,High,5
Micro Zone,25.5,92.5,High,High,6
Micro Zone,25.5,93.0,Moderate,High,5
Micro Zone,25.5,93.5,High,High,6
Micro Zone,25.5,94.0,Moderate,Moderate,4
Micro Zone,25.5,94.5,Moderate,High,5
Micro Zone,25.5,95.0,High,Moderate,5
Micro Zone,25.5,95.5,Moderate,High,5
Micro Zone,25.5,96.0,Low,Moderate,3
Micro Zone,25.5,96.5,Moderate,Moderate,4
Micro Zone,26.0,68.0,High,Low,4
Micro Zone,26.0,68.5,High,Low,4
Micro Zone,26.0,69.0,Moderate,High,5
Micro Zone,26.0,69.5,High,High,6
Micro Zone,26.0,70.0,Low,High,4
Micro Zone,26.0,70.5,High,Moderate,5
Micro Zone,26.0,71.0,Low,Moderate,3
Micro Zone,26.0,71.5,Low,Moderate,3
Micro Zone,26.0,72.0,Low,Moderate,3
Micro Zone,26.0,72.5,Low,Low,2
Micro Zone,26.0,73.0,Low,High,4
Micro Zone,26.0,73.5,Moderate,Moderate,4
Micro Zone,26.0,74.0,Low,Low,2
Micro Zone,26.0,74.5,Moderate,High,5
Micro Zone,26.0,75.0,High,Low,4
Micro Zone,26.0,75.5,Moderate,Moderate,4
Micro Zone,26.0,76.0,High,Moderate,5
Micro Zone,26.0,76.5,Low,High,4
Micro Zone,26.0,77.0,Moderate,Low,3
Micro Zone,26.0,77.5,High,High,6
Micro Zone,26.0,78.0,Low,High,4
Micro Zone,26.0,78.5,Moderate,Low,3
Micro Zone,26.0,79.0,Low,High,4
Micro Zone,26.0,79.5,High,High,6
Micro Zone,26.0,80.0,Moderate,High,5
Micro Zone,26.0,80.5,Moderate,Moderate,4
Micro Zone,26.0,81.0,Low,Moderate,3
Micro Zone,26.0,81.5,Moderate,Low,3
Micro Zone,26.0,82.0,Moderate,Low,3
Micro Zone,26.0,82.5,High,Low,4
Micro Zone,26.0,83.0,Moderate,High,5
Micro Zone,26.0,83.5,Low,Moderate,3
Micro Zone,26.0,84.0,High,Low,4
Micro Zone,26.0,84.5,High,High,6
Micro Zone,26.0,85.0,Low,Moderate,3
Micro Zone,26.0,85.5,Low,High,4
Micro Zone,26.0,86.0,High,Moderate,5
Micro Zone,26.0,86.5,Moderate,High,5
Micro Zone,26.0,87.0,High,High,6
Micro Zone,26.0,87.5,Moderate,Moderate,4
Micro Zone,26.0,88.0,Low,Moderate,3
Micro Zone,26.0,88.5,High,Moderate,5
Micro Zone,26.0,89.0,Moderate,Low,3
Micro Zone,26.0,89.5,Low,High,4
Micro Zone,26.0,90.0,Low,High,4
Micro Zone,26.0,90.5,Low,High,4
Micro Zone,26.0,91.0,Low,High,4
Micro Zone,26.0,91.5,High,Moderate,5
Micro Zone,26.0,92.0,Low,High,4
Micro Zone,26.0,92.5,Moderate,High,5
Micro Zone,26.0,93.0,Moderate,Moderate,4
Micro Zone,26.0,93.5,Low,High,4
Micro Zone,26.0,94.0,Low,Low,2
Micro Zone,26.0,94.5,Moderate,High,5
Micro Zone,26.0,95.0,Low,High,4
Micro Zone,26.0,95.5,Moderate,Moderate,4
Micro Zone,26.0,96.0,Low,High,4
Micro Zone,26.0,96.5,Moderate,Low,3
Micro Zone,26.5,68.0,High,Moderate,5
Micro Zone,26.5,68.5,Low,Low,2
Micro Zone,26.5,69.0,Low,High,4
Micro Zone,26.5,69.5,Moderate,High,5
Micro Zone,26.5,70.0,Low,Low,2
Micro Zone,26.5,70.5,Low,Low,2
Micro Zone,26.5,71.0,Low,Moderate,3
Micro Zone,26.5,71.5,Low,Moderate,3
Micro Zone,26.5,72.0,Low,High,4
Micro Zone,26.5,72.5,Low,Low,2
Micro Zone,26.5,73.0,Moderate,Moderate,4
Micro Zone,26.5,73.5,High,Low,4
Micro Zone,26.5,74.0,High,Moderate,5
Micro Zone,26.5,74.5,Moderate,Moderate,4
Micro Zone,26.5,75.0,Low,High,4
Micro Zone,26.5,75.5,Low,Low,2
Micro Zone,26.5,76.0,High,Moderate,5
Micro Zone,26.5,76.5,High,High,6
Micro Zone,26.5,77.0,High,High,6
Micro Zone,26.5,77.5,High,Low,4
Micro Zone,26.5,78.0,Low,Low,2
Micro Zone,26.5,78.5,High,Low,4
Micro Zone,26.5,79.0,High,High,6
Micro Zone,26.5,79.5,Low,Moderate,3
Micro Zone,26.5,80.0,High,Moderate,5
Micro Zone,26.5,80.5,Moderate,Moderate,4
Micro Zone,26.5,81.0,Low,Moderate,3
Micro Zone,26.5,81.5,High,Low,4
Micro Zone,26.5,82.0,High,High,6
Micro Zone,26.5,82.5,Low,Low,2
Micro Zone,26.5,83.0,Moderate,Moderate,4
Micro Zone,26.5,83.5,High,High,6
Micro Zone,26.5,84.0,Low,High,4
Micro Zone,26.5,84.5,Moderate,High,5
Micro Zone,26.5,85.0,High,Low,4
Micro Zone,26.5,85.5,Low,Moderate,3
Micro Zone,26.5,86.0,Low,High,4
Micro Zone,26.5,86.5,Moderate,Low,3
Micro Zone,26.5,87.0,Moderate,Moderate,4
Micro Zone,26.5,87.5,Moderate,Moderate,4
Micro Zone,26.5,88.0,High,Moderate,5
Micro Zone,26.5,88.5,Low,Moderate,3
Micro Zone,26.5,89.0,Low,Low,2
Micro Zone,26.5,89.5,Moderate,Moderate,4
Micro Zone,26.5,90.0,Low,Moderate,3
Micro Zone,26.5,90.5,High,Low,4
Micro Zone,26.5,91.0,High,High,6
Micro Zone,26.5,91.5,Moderate,High,5
Micro Zone,26.5,92.0,Low,Moderate,3
Micro Zone,26.5,92.5,Moderate,High,5
Micro Zone,26.5,93.0,Moderate,High,5
Micro Zone,26.5,93.5,High,High,6
Micro Zone,26.5,94.0,High,Moderate,5
Micro Zone,26.5,94.5,Low,Moderate,3
Micro Zone,26.5,95.0,High,Moderate,5
Micro Zone,26.5,95.5,High,Moderate,5
Micro Zone,26.5,96.0,Low,High,4
Micro Zone,26.5,96.5,Moderate,Moderate,4
Micro Zone,27.0,68.0,Low,Moderate,3
Micro Zone,27.0,68.5,Low,Moderate,3
Micro Zone,27.0,69.0,Moderate,High,5
Micro Zone,27.0,69.5,High,High,6
Micro Zone,27.0,70.0,Low,High,4
Micro Zone,27.0,70.5,Moderate,Moderate,4
Micro Zone,27.0,71.0,Moderate,Moderate,4
Micro Zone,27.0,71.5,Low,High,4
Micro Zone,27.0,72.0,Low,Moderate,3
Micro Zone,27.0,72.5,Moderate,Low,3
Micro Zone,27.0,73.0,Low,Moderate,3
Micro Zone,27.0,73.5,Moderate,High,5
Micro Zone,27.0,74.0,High,Moderate,5
Micro Zone,27.0,74.5,Low,High,4
Micro Zone,27.0,75.0,High,High,6
Micro Zone,27.0,75.5,Moderate,Moderate,4
Micro Zone,27.0,76.0,Low,Moderate,3
Micro Zone,27.0,76.5,Moderate,High,5
Micro Zone,27.0,77.0,Moderate,Moderate,4
Micro Zone,27.0,77.5,Moderate,Low,3
Micro Zone,27.0,78.0,High,Low,4
Micro Zone,27.0,78.5,High,Low,4
Micro Zone,27.0,79.0,Moderate,Moderate,4
Micro Zone,27.0,79.5,Moderate,Moderate,4
Micro Zone,27.0,80.0,High,Low,4
Micro Zone,27.0,80.5,Low,Moderate,3
Micro Zone,27.0,81.0,Low,Moderate,3
Micro Zone,27.0,81.5,High,Moderate,5
Micro Zone,27.0,82.0,Moderate,Moderate,4
Micro Zone,27.0,82.5,Low,Low,2
Micro Zone,27.0,83.0,Low,High,4
Micro Zone,27.0,83.5,High,High,6
Micro Zone,27.0,84.0,High,High,6
Micro Zone,27.0,84.5,Moderate,Moderate,4
Micro Zone,27.0,85.0,High,Moderate,5
Micro Zone,27.0,85.5,Moderate,Low,3
Micro Zone,27.0,86.0,Moderate,Moderate,4
Micro Zone,27.0,86.5,Low,Low,2
Micro Zone,27.0,87.0,High,Low,4
Micro Zone,27.0,87.5,Low,High,4
Micro Zone,27.0,88.0,High,Moderate,5
Micro Zone,27.0,88.5,High,High,6
Micro Zone,27.0,89.0,Low,Low,2
Micro Zone,27.0,89.5,Low,Moderate,3
Micro Zone,27.0,90.0,Low,Low,2
Micro Zone,27.0,90.5,Moderate,Low,3
Micro Zone,27.0,91.0,Moderate,High,5
Micro Zone,27.0,91.5,High,High,6
Micro Zone,27.0,92.0,Low,High,4
Micro Zone,27.0,92.5,High,High,6
Micro Zone,27.0,93.0,Low,Moderate,3
Micro Zone,27.0,93.5,Low,Low,2
Micro Zone,27.0,94.0,Low,Moderate,3
Micro Zone,27.0,94.5,Low,Moderate,3
Micro Zone,27.0,95.0,High,Moderate,5
Micro Zone,27.0,95.5,Low,Moderate,3
Micro Zone,27.0,96.0,Moderate,Moderate,4
Micro Zone,27.0,96.5,Low,Moderate,3
Micro Zone,27.5,68.0,Low,Moderate,3
Micro Zone,27.5,68.5,High,Low,4
Micro Zone,27.5,69.0,High,Moderate,5
Micro Zone,27.5,69.5,Moderate,Low,3
Micro Zone,27.5,70.0,Moderate,Moderate,4
Micro Zone,27.5,70.5,High,Moderate,5
Micro Zone,27.5,71.0,Low,High,4
Micro Zone,27.5,71.5,High,High,6
Micro Zone,27.5,72.0,Low,Moderate,3
Micro Zone,27.5,72.5,Moderate,Moderate,4
Micro Zone,27.5,73.0,High,Low,4
Micro Zone,27.5,73.5,Moderate,High,5
Micro Zone,27.5,74.0,Low,High,4
Micro Zone,27.5,74.5,Low,High,4
Micro Zone,27.5,75.0,High,Low,4
Micro Zone,27.5,75.5,Moderate,High,5
Micro Zone,27.5,76.0,Low,Moderate,3
Micro Zone,27.5,76.5,Low,High,4
Micro Zone,27.5,77.0,Moderate,High,5
Micro Zone,27.5,77.5,Low,High,4
Micro Zone,27.5,78.0,Moderate,High,5
Micro Zone,27.5,78.5,Low,High,4
Micro Zone,27.5,79.0,Moderate,Moderate,4
Micro Zone,27.5,79.5,High,High,6
Micro Zone,27.5,80.0,Moderate,Moderate,4
Micro Zone,27.5,80.5,Low,Moderate,3
Micro Zone,27.5,81.0,High,High,6
Micro Zone,27.5,81.5,Moderate,High,5
Micro Zone,27.5,82.0,Moderate,High,5
Micro Zone,27.5,82.5,High,Moderate,5
Micro Zone,27.5,83.0,Moderate,Low,3
Micro Zone,27.5,83.5,High,High,6
Micro Zone,27.5,84.0,Low,Low,2
Micro Zone,27.5,84.5,Low,High,4
Micro Zone,27.5,85.0,High,Moderate,5
Micro Zone,27.5,85.5,High,High,6
Micro Zone,27.5,86.0,High,Moderate,5
Micro Zone,27.5,86.5,High,Moderate,5
Micro Zone,27.5,87.0,High,High,6
Micro Zone,27.5,87.5,Low,High,4
Micro Zone,27.5,88.0,Low,Moderate,3
Micro Zone,27.5,88.5,Moderate,High,5
Micro Zone,27.5,89.0,Moderate,High,5
Micro Zone,27.5,89.5,High,Low,4
Micro Zone,27.5,90.0,High,Moderate,5
Micro Zone,27.5,90.5,Moderate,High,5
Micro Zone,27.5,91.0,Low,Moderate,3
Micro Zone,27.5,91.5,High,Moderate,5
Micro Zone,27.5,92.0,Low,High,4
Micro Zone,27.5,92.5,Moderate,Moderate,4
Micro Zone,27.5,93.0,Low,High,4
Micro Zone,27.5,93.5,High,Moderate,5
Micro Zone,27.5,94.0,Moderate,High,5
Micro Zone,27.5,94.5,High,Low,4
Micro Zone,27.5,95.0,Low,High,4
Micro Zone,27.5,95.5,Low,Moderate,3
Micro Zone,27.5,96.0,High,High,6
Micro Zone,27.5,96.5,Moderate,High,5
Micro Zone,28.0,68.0,Low,High,4
Micro Zone,28.0,68.5,High,Moderate,5
Micro Zone,28.0,69.0,Moderate,Moderate,4
Micro Zone,28.0,69.5,Low,Moderate,3
Micro Zone,28.0,70.0,Low,Moderate,3
Micro Zone,28.0,70.5,High,High,6
Micro Zone,28.0,71.0,Low,Low,2
Micro Zone,28.0,71.5,Low,High,4
Micro Zone,28.0,72.0,Moderate,High,5
Micro Zone,28.0,72.5,Low,High,4
Micro Zone,28.0,73.0,Moderate,Moderate,4
Micro Zone,28.0,73.5,Moderate,Moderate,4
Micro Zone,28.0,74.0,Low,High,4
Micro Zone,28.0,74.5,Moderate,Moderate,4
Micro Zone,28.0,75.0,Low,Moderate,3
Micro Zone,28.0,75.5,High,Low,4
Micro Zone,28.0,76.0,Low,Moderate,3
Micro Zone,28.0,76.5,High,High,6
Micro Zone,28.0,77.0,Moderate,Low,3
Micro Zone,28.0,77.5,High,Moderate,5
Micro Zone,28.0,78.0,Moderate,Moderate,4
Micro Zone,28.0,78.5,Moderate,Moderate,4
Micro Zone,28.0,79.0,High,Moderate,5
Micro Zone,28.0,79.5,Moderate,High,5
Micro Zone,28.0,80.0,Low,High,4
Micro Zone,28.0,80.5,Moderate,High,5
Micro Zone,28.0,81.0,Low,High,4
Micro Zone,28.0,81.5,Low,High,4
Micro Zone,28.0,82.0,Low,Low,2
Micro Zone,28.0,82.5,Low,Moderate,3
Micro Zone,28.0,83.0,High,Moderate,5
Micro Zone,28.0,83.5,Low,High,4
Micro Zone,28.0,84.0,Moderate,High,5
Micro Zone,28.0,84.5,Low,High,4
Micro Zone,28.0,85.0,Moderate,Moderate,4
Micro Zone,28.0,85.5,Moderate,Low,3
Micro Zone,28.0,86.0,High,Moderate,5
Micro Zone,28.0,86.5,Moderate,Low,3
Micro Zone,28.0,87.0,Low,Moderate,3
Micro Zone,28.0,87.5,Low,High,4
Micro Zone,28.0,88.0,High,High,6
Micro Zone,28.0,88.5,Moderate,Moderate,4
Micro Zone,28.0,89.0,High,Low,4
Micro Zone,28.0,89.5,Moderate,Low,3
Micro Zone,28.0,90.0,Low,High,4
Micro Zone,28.0,90.5,High,Moderate,5
Micro Zone,28.0,91.0,High,Low,4
Micro Zone,28.0,91.5,High,Moderate,5
Micro Zone,28.0,92.0,Low,Moderate,3
Micro Zone,28.0,92.5,Low,High,4
Micro Zone,28.0,93.0,Moderate,High,5
Micro Zone,28.0,93.5,High,Moderate,5
Micro Zone,28.0,94.0,Moderate,High,5
Micro Zone,28.0,94.5,Low,High,4
Micro Zone,28.0,95.0,Low,Moderate,3
Micro Zone,28.0,95.5,Low,Moderate,3
Micro Zone,28.0,96.0,High,High,6
Micro Zone,28.0,96.5,High,Low,4
Micro Zone,28.5,68.0,High,Moderate,5
Micro Zone,28.5,68.5,Low,Moderate,3
Micro Zone,28.5,69.0,Moderate,Moderate,4
Micro Zone,28.5,69.5,Low,Moderate,3
Micro Zone,28.5,70.0,Low,High,4
Micro Zone,28.5,70.5,Moderate,Moderate,4
Micro Zone,28.5,71.0,Low,Low,2
Micro Zone,28.5,71.5,Low,High,4
Micro Zone,28.5,72.0,Moderate,High,5
Micro Zone,28.5,72.5,Moderate,Moderate,4
Micro Zone,28.5,73.0,High,High,6
Micro Zone,28.5,73.5,Moderate,Low,3
Micro Zone,28.5,74.0,Moderate,Moderate,4
Micro Zone,28.5,74.5,Low,High,4
Micro Zone,28.5,75.0,Moderate,Moderate,4
Micro Zone,28.5,75.5,Moderate,Low,3
Micro Zone,28.5,76.0,Low,High,4
Micro Zone,28.5,76.5,Low,High,4
Micro Zone,28.5,77.0,Moderate,High,5
Micro Zone,28.5,77.5,Low,Moderate,3
Micro Zone,28.5,78.0,High,High,6
Micro Zone,28.5,78.5,Moderate,High,5
Micro Zone,28.5,79.0,High,Low,4
Micro Zone,28.5,79.5,Low,Low,2
Micro Zone,28.5,80.0,Low,Moderate,3
Micro Zone,28.5,80.5,Moderate,High,5
Micro Zone,28.5,81.0,Moderate,Moderate,4
Micro Zone,28.5,81.5,High,High,6
Micro Zone,28.5,82.0,Moderate,High,5
Micro Zone,28.5,82.5,Low,Moderate,3
Micro Zone,28.5,83.0,Low,High,4
Micro Zone,28.5,83.5,Low,Moderate,3
Micro Zone,28.5,84.0,Moderate,High,5
Micro Zone,28.5,84.5,Low,High,4
Micro Zone,28.5,85.0,High,Moderate,5
Micro Zone,28.5,85.5,Moderate,Moderate,4
Micro Zone,28.5,86.0,Low,Low,2
Micro Zone,28.5,86.5,Low,Low,2
Micro Zone,28.5,87.0,High,High,6
Micro Zone,28.5,87.5,Low,Moderate,3
Micro Zone,28.5,88.0,Moderate,Moderate,4
Micro Zone,28.5,88.5,Moderate,High,5
Micro Zone,28.5,89.0,Low,High,4
Micro Zone,28.5,89.5,Moderate,High,5
Micro Zone,28.5,90.0,High,High,6
Micro Zone,28.5,90.5,Moderate,High,5
Micro Zone,28.5,91.0,Low,Moderate,3
Micro Zone,28.5,91.5,High,High,6
Micro Zone,28.5,92.0,Low,Moderate,3
Micro Zone,28.5,92.5,Low,High,4
Micro Zone,28.5,93.0,Moderate,High,5
Micro Zone,28.5,93.5,Moderate,Moderate,4
Micro Zone,28.5,94.0,Moderate,High,5
Micro Zone,28.5,94.5,Moderate,High,5
Micro Zone,28.5,95.0,Low,Low,2
Micro Zone,28.5,95.5,High,Moderate,5
Micro Zone,28.5,96.0,Moderate,Moderate,4
Micro Zone,28.5,96.5,Moderate,Moderate,4
Micro Zone,29.0,68.0,High,Low,4
Micro Zone,29.0,68.5,Low,Moderate,3
Micro Zone,29.0,69.0,High,Low,4
Micro Zone,29.0,69.5,Low,Moderate,3
Micro Zone,29.0,70.0,Moderate,High,5
Micro Zone,29.0,70.5,Low,Low,2
Micro Zone,29.0,71.0,Low,Moderate,3
Micro Zone,29.0,71.5,Low,Moderate,3
Micro Zone,29.0,72.0,High,Moderate,5
Micro Zone,29.0,72.5,Moderate,Moderate,4
Micro Zone,29.0,73.0,High,Moderate,5
Micro Zone,29.0,73.5,Moderate,Low,3
Micro Zone,29.0,74.0,Moderate,Moderate,4
Micro Zone,29.0,74.5,Moderate,Moderate,4
Micro Zone,29.0,75.0,High,Moderate,5
Micro Zone,29.0,75.5,Moderate,Low,3
Micro Zone,29.0,76.0,Low,Low,2
Micro Zone,29.0,76.5,Low,Low,2
Micro Zone,29.0,77.0,High,Low,4
Micro Zone,29.0,77.5,High,Low,4
Micro Zone,29.0,78.0,Moderate,Moderate,4
Micro Zone,29.0,78.5,Low,High,4
Micro Zone,29.0,79.0,Low,Moderate,3
Micro Zone,29.0,79.5,Moderate,High,5
Micro Zone,29.0,80.0,High,Moderate,5
Micro Zone,29.0,80.5,Low,Moderate,3
Micro Zone,29.0,81.0,Moderate,Moderate,4
Micro Zone,29.0,81.5,High,High,6
Micro Zone,29.0,82.0,Low,Moderate,3
Micro Zone,29.0,82.5,High,Moderate,5
Micro Zone,29.0,83.0,Low,High,4
Micro Zone,29.0,83.5,Moderate,High,5
Micro Zone,29.0,84.0,High,High,6
Micro Zone,29.0,84.5,Moderate,Moderate,4
Micro Zone,29.0,85.0,Moderate,Moderate,4
Micro Zone,29.0,85.5,Low,High,4
Micro Zone,29.0,86.0,High,Moderate,5
Micro Zone,29.0,86.5,High,Moderate,5
Micro Zone,29.0,87.0,High,High,6
Micro Zone,29.0,87.5,Low,High,4
Micro Zone,29.0,88.0,Moderate,Moderate,4
Micro Zone,29.0,88.5,Low,Low,2
Micro Zone,29.0,89.0,High,High,6
Micro Zone,29.0,89.5,Low,Moderate,3
Micro Zone,29.0,90.0,Moderate,High,5
Micro Zone,29.0,90.5,High,Low,4
Micro Zone,29.0,91.0,High,High,6
Micro Zone,29.0,91.5,High,High,6
Micro Zone,29.0,92.0,Moderate,Moderate,4
Micro Zone,29.0,92.5,High,High,6
Micro Zone,29.0,93.0,High,High,6
Micro Zone,29.0,93.5,Moderate,Moderate,4
Micro Zone,29.0,94.0,Low,Moderate,3
Micro Zone,29.0,94.5,Low,Moderate,3
Micro Zone,29.0,95.0,High,Moderate,5
Micro Zone,29.0,95.5,Low,High,4
Micro Zone,29.0,96.0,High,Moderate,5
Micro Zone,29.0,96.5,High,Moderate,5
Micro Zone,29.5,68.0,High,High,6
Micro Zone,29.5,68.5,Moderate,High,5
Micro Zone,29.5,69.0,High,Low,4
Micro Zone,29.5,69.5,Moderate,High,5
Micro Zone,29.5,70.0,Low,Moderate,3
Micro Zone,29.5,70.5,Moderate,Moderate,4
Micro Zone,29.5,71.0,Low,Low,2
Micro Zone,29.5,71.5,Low,High,4
Micro Zone,29.5,72.0,Low,Moderate,3
Micro Zone,29.5,72.5,Low,High,4
Micro Zone,29.5,73.0,Moderate,High,5
Micro Zone,29.5,73.5,Low,High,4
Micro Zone,29.5,74.0,Low,High,4
Micro Zone,29.5,74.5,Moderate,Moderate,4
Micro Zone,29.5,75.0,Moderate,High,5
Micro Zone,29.5,75.5,Moderate,Moderate,4
Micro Zone,29.5,76.0,Moderate,High,5
Micro Zone,29.5,76.5,Low,Low,2
Micro Zone,29.5,77.0,High,High,6
Micro Zone,29.5,77.5,Moderate,Moderate,4
Micro Zone,29.5,78.0,Low,Moderate,3
Micro Zone,29.5,78.5,High,Moderate,5
Micro Zone,29.5,79.0,High,Low,4
Micro Zone,29.5,79.5,High,High,6
Micro Zone,29.5,80.0,Low,High,4
Micro Zone,29.5,80.5,High,High,6
Micro Zone,29.5,81.0,High,High,6
Micro Zone,29.5,81.5,Low,Moderate,3
Micro Zone,29.5,82.0,Low,Moderate,3
Micro Zone,29.5,82.5,Low,High,4
Micro Zone,29.5,83.0,Moderate,Low,3
Micro Zone,29.5,83.5,High,Low,4
Micro Zone,29.5,84.0,Low,Low,2
Micro Zone,29.5,84.5,High,Moderate,5
Micro Zone,29.5,85.0,High,Moderate,5
Micro Zone,29.5,85.5,Low,Moderate,3
Micro Zone,29.5,86.0,High,High,6
Micro Zone,29.5,86.5,High,Moderate,5
Micro Zone,29.5,87.0,High,High,6
Micro Zone,29.5,87.5,Low,Moderate,3
Micro Zone,29.5,88.0,High,Moderate,5
Micro Zone,29.5,88.5,High,Moderate,5
Micro Zone,29.5,89.0,Low,Moderate,3
Micro Zone,29.5,89.5,Moderate,High,5
Micro Zone,29.5,90.0,Moderate,Moderate,4
Micro Zone,29.5,90.5,Moderate,High,5
Micro Zone,29.5,91.0,High,Low,4
Micro Zone,29.5,91.5,Low,Moderate,3
Micro Zone,29.5,92.0,High,Moderate,5
Micro Zone,29.5,92.5,Low,Low,2
Micro Zone,29.5,93.0,High,Moderate,5
Micro Zone,29.5,93.5,Moderate,Low,3
Micro Zone,29.5,94.0,Low,Low,2
Micro Zone,29.5,94.5,High,High,6
Micro Zone,29.5,95.0,Moderate,High,5
Micro Zone,29.5,95.5,Low,Moderate,3
Micro Zone,29.5,96.0,Moderate,High,5
Micro Zone,29.5,96.5,Moderate,Moderate,4
Micro Zone,30.0,68.0,Low,Moderate,3
Micro Zone,30.0,68.5,Low,Moderate,3
Micro Zone,30.0,69.0,Low,High,4
Micro Zone,30.0,69.5,Low,Low,2
Micro Zone,30.0,70.0,Low,Moderate,3
Micro Zone,30.0,70.5,Low,Low,2
Micro Zone,30.0,71.0,High,Low,4
Micro Zone,30.0,71.5,Moderate,Moderate,4
Micro Zone,30.0,72.0,High,Moderate,5
Micro Zone,30.0,72.5,Moderate,Moderate,4
Micro Zone,30.0,73.0,High,High,6
Micro Zone,30.0,73.5,High,High,6
Micro Zone,30.0,74.0,High,High,6
Micro Zone,30.0,74.5,Low,High,4
Micro Zone,30.0,75.0,High,Moderate,5
Micro Zone,30.0,75.5,High,Moderate,5
Micro Zone,30.0,76.0,Moderate,High,5
Micro Zone,30.0,76.5,High,Low,4
Micro Zone,30.0,77.0,Low,Moderate,3
Micro Zone,30.0,77.5,Moderate,Moderate,4
Micro Zone,30.0,78.0,Low,High,4
Micro Zone,30.0,78.5,Low,Moderate,3
Micro Zone,30.0,79.0,Low,Moderate,3
Micro Zone,30.0,79.5,Low,Low,2
Micro Zone,30.0,80.0,Moderate,Moderate,4
Micro Zone,30.0,80.5,High,Low,4
Micro Zone,30.0,81.0,Low,Moderate,3
Micro Zone,30.0,81.5,High,High,6
Micro Zone,30.0,82.0,High,High,6
Micro Zone,30.0,82.5,High,Moderate,5
Micro Zone,30.0,83.0,Low,Moderate,3
Micro Zone,30.0,83.5,Low,High,4
Micro Zone,30.0,84.0,Moderate,High,5
Micro Zone,30.0,84.5,Low,Low,2
Micro Zone,30.0,85.0,High,High,6
Micro Zone,30.0,85.5,High,High,6
Micro Zone,30.0,86.0,Low,Moderate,3
Micro Zone,30.0,86.5,Moderate,Low,3
Micro Zone,30.0,87.0,Moderate,Moderate,4
Micro Zone,30.0,87.5,Low,Moderate,3
Micro Zone,30.0,88.0,Moderate,Low,3
Micro Zone,30.0,88.5,High,Moderate,5
Micro Zone,30.0,89.0,Moderate,Low,3
Micro Zone,30.0,89.5,High,Moderate,5
Micro Zone,30.0,90.0,Low,Moderate,3
Micro Zone,30.0,90.5,Moderate,Moderate,4
Micro Zone,30.0,91.0,Low,Moderate,3
Micro Zone,30.0,91.5,Low,Moderate,3
Micro Zone,30.0,92.0,Low,High,4
Micro Zone,30.0,92.5,Moderate,High,5
Micro Zone,30.0,93.0,Low,High,4
Micro Zone,30.0,93.5,Low,Moderate,3
Micro Zone,30.0,94.0,High,Moderate,5
Micro Zone,30.0,94.5,High,High,6
Micro Zone,30.0,95.0,Moderate,Low,3
Micro Zone,30.0,95.5,Low,High,4
Micro Zone,30.0,96.0,Low,Moderate,3
Micro Zone,30.0,96.5,High,Moderate,5
Micro Zone,30.5,68.0,High,Low,4
Micro Zone,30.5,68.5,High,High,6
Micro Zone,30.5,69.0,Low,High,4
Micro Zone,30.5,69.5,High,High,6
Micro Zone,30.5,70.0,Moderate,Moderate,4
Micro Zone,30.5,70.5,High,Low,4
Micro Zone,30.5,71.0,Moderate,High,5
Micro Zone,30.5,71.5,Moderate,Moderate,4
Micro Zone,30.5,72.0,Moderate,Moderate,4
Micro Zone,30.5,72.5,Low,High,4
Micro Zone,30.5,73.0,Low,High,4
Micro Zone,30.5,73.5,High,High,6
Micro Zone,30.5,74.0,High,High,6
Micro Zone,30.5,74.5,High,Low,4
Micro Zone,30.5,75.0,Moderate,High,5
Micro Zone,30.5,75.5,Low,Low,2
Micro Zone,30.5,76.0,High,Low,4
Micro Zone,30.5,76.5,High,Moderate,5
Micro Zone,30.5,77.0,Moderate,High,5
Micro Zone,30.5,77.5,Low,Moderate,3
Micro Zone,30.5,78.0,Moderate,Moderate,4
Micro Zone,30.5,78.5,Moderate,High,5
Micro Zone,30.5,79.0,Moderate,Moderate,4
Micro Zone,30.5,79.5,High,Low,4
Micro Zone,30.5,80.0,Low,High,4
Micro Zone,30.5,80.5,High,High,6
Micro Zone,30.5,81.0,Low,Moderate,3
Micro Zone,30.5,81.5,High,Moderate,5
Micro Zone,30.5,82.0,Low,Low,2
Micro Zone,30.5,82.5,Moderate,High,5
Micro Zone,30.5,83.0,High,Moderate,5
Micro Zone,30.5,83.5,Low,Low,2
Micro Zone,30.5,84.0,High,Low,4
Micro Zone,30.5,84.5,High,Moderate,5
Micro Zone,30.5,85.0,Moderate,Low,3
Micro Zone,30.5,85.5,Moderate,Low,3
Micro Zone,30.5,86.0,Low,High,4
Micro Zone,30.5,86.5,Low,High,4
Micro Zone,30.5,87.0,Low,Moderate,3
Micro Zone,30.5,87.5,Low,High,4
Micro Zone,30.5,88.0,High,Low,4
Micro Zone,30.5,88.5,Moderate,Low,3
Micro Zone,30.5,89.0,High,High,6
Micro Zone,30.5,89.5,Moderate,Low,3
Micro Zone,30.5,90.0,Moderate,High,5
Micro Zone,30.5,90.5,Low,High,4
Micro Zone,30.5,91.0,High,High,6
Micro Zone,30.5,91.5,Moderate,Moderate,4
Micro Zone,30.5,92.0,High,Moderate,5
Micro Zone,30.5,92.5,High,High,6
Micro Zone,30.5,93.0,Low,Moderate,3
Micro Zone,30.5,93.5,Moderate,Moderate,4
Micro Zone,30.5,94.0,High,Moderate,5
Micro Zone,30.5,94.5,High,Moderate,5
Micro Zone,30.5,95.0,Low,High,4
Micro Zone,30.5,95.5,Low,High,4
Micro Zone,30.5,96.0,Moderate,Moderate,4
Micro Zone,30.5,96.5,Low,Moderate,3
Micro Zone,31.0,68.0,High,Moderate,5
Micro Zone,31.0,68.5,Low,Moderate,3
Micro Zone,31.0,69.0,High,Moderate,5
Micro Zone,31.0,69.5,Low,Moderate,3
Micro Zone,31.0,70.0,Low,Moderate,3
Micro Zone,31.0,70.5,High,High,6
Micro Zone,31.0,71.0,High,High,6
Micro Zone,31.0,71.5,Low,High,4
Micro Zone,31.0,72.0,Low,Low,2
Micro Zone,31.0,72.5,High,High,6
Micro Zone,31.0,73.0,High,High,6
Micro Zone,31.0,73.5,Moderate,High,5
Micro Zone,31.0,74.0,High,High,6
Micro Zone,31.0,74.5,Low,High,4
Micro Zone,31.0,75.0,High,High,6
Micro Zone,31.0,75.5,Moderate,High,5
Micro Zone,31.0,76.0,Moderate,Moderate,4
Micro Zone,31.0,76.5,Moderate,High,5
Micro Zone,31.0,77.0,High,High,6
Micro Zone,31.0,77.5,High,High,6
Micro Zone,31.0,78.0,Moderate,Low,3
Micro Zone,31.0,78.5,High,Low,4
Micro Zone,31.0,79.0,Moderate,High,5
Micro Zone,31.0,79.5,Moderate,High,5
Micro Zone,31.0,80.0,Moderate,High,5
Micro Zone,31.0,80.5,Low,Low,2
Micro Zone,31.0,81.0,High,High,6
Micro Zone,31.0,81.5,Moderate,Low,3
Micro Zone,31.0,82.0,Low,Moderate,3
Micro Zone,31.0,82.5,Low,Moderate,3
Micro Zone,31.0,83.0,High,Low,4
Micro Zone,31.0,83.5,Low,Moderate,3
Micro Zone,31.0,84.0,Low,Moderate,3
Micro Zone,31.0,84.5,Moderate,Low,3
Micro Zone,31.0,85.0,Moderate,Moderate,4
Micro Zone,31.0,85.5,Low,Moderate,3
Micro Zone,31.0,86.0,Moderate,High,5
Micro Zone,31.0,86.5,Moderate,Moderate,4
Micro Zone,31.0,87.0,Moderate,Moderate,4
Micro Zone,31.0,87.5,High,Moderate,5
Micro Zone,31.0,88.0,Moderate,High,5
Micro Zone,31.0,88.5,Moderate,Moderate,4
Micro Zone,31.0,89.0,Low,Moderate,3
Micro Zone,31.0,89.5,Low,Low,2
Micro Zone,31.0,90.0,Low,Low,2
Micro Zone,31.0,90.5,Moderate,Moderate,4
Micro Zone,31.0,91.0,Moderate,Moderate,4
Micro Zone,31.0,91.5,Low,Moderate,3
Micro Zone,31.0,92.0,Low,Moderate,3
Micro Zone,31.0,92.5,Low,Low,2
Micro Zone,31.0,93.0,Moderate,High,5
Micro Zone,31.0,93.5,High,Moderate,5
Micro Zone,31.0,94.0,Low,Moderate,3
Micro Zone,31.0,94.5,Moderate,Moderate,4
Micro Zone,31.0,95.0,Low,Moderate,3
Micro Zone,31.0,95.5,Low,High,4
Micro Zone,31.0,96.0,Moderate,High,5
Micro Zone,31.0,96.5,Low,Moderate,3
Micro Zone,31.5,68.0,Low,Moderate,3
Micro Zone,31.5,68.5,Low,High,4
Micro Zone,31.5,69.0,Low,High,4
Micro Zone,31.5,69.5,Low,Low,2
Micro Zone,31.5,70.0,Low,High,4
Micro Zone,31.5,70.5,Low,High,4
Micro Zone,31.5,71.0,Low,Moderate,3
Micro Zone,31.5,71.5,Moderate,High,5
Micro Zone,31.5,72.0,Moderate,High,5
Micro Zone,31.5,72.5,Moderate,Low,3
Micro Zone,31.5,73.0,Low,Moderate,3
Micro Zone,31.5,73.5,Moderate,Low,3
Micro Zone,31.5,74.0,Moderate,Low,3
Micro Zone,31.5,74.5,Low,Low,2
Micro Zone,31.5,75.0,High,Moderate,5
Micro Zone,31.5,75.5,High,High,6
Micro Zone,31.5,76.0,Moderate,Moderate,4
Micro Zone,31.5,76.5,Low,Moderate,3
Micro Zone,31.5,77.0,Moderate,Low,3
Micro Zone,31.5,77.5,Low,High,4
Micro Zone,31.5,78.0,Moderate,High,5
Micro Zone,31.5,78.5,High,Moderate,5
Micro Zone,31.5,79.0,Low,Moderate,3
Micro Zone,31.5,79.5,High,Moderate,5
Micro Zone,31.5,80.0,Moderate,High,5
Micro Zone,31.5,80.5,Low,Moderate,3
Micro Zone,31.5,81.0,Moderate,High,5
Micro Zone,31.5,81.5,Low,High,4
Micro Zone,31.5,82.0,Low,Moderate,3
Micro Zone,31.5,82.5,High,High,6
Micro Zone,31.5,83.0,High,Moderate,5
Micro Zone,31.5,83.5,Moderate,High,5
Micro Zone,31.5,84.0,Low,High,4
Micro Zone,31.5,84.5,High,High,6
Micro Zone,31.5,85.0,Low,Low,2
Micro Zone,31.5,85.5,High,Moderate,5
Micro Zone,31.5,86.0,Moderate,High,5
Micro Zone,31.5,86.5,Low,Low,2
Micro Zone,31.5,87.0,Low,High,4
Micro Zone,31.5,87.5,Low,Low,2
Micro Zone,31.5,88.0,Low,Low,2
Micro Zone,31.5,88.5,Low,Moderate,3
Micro Zone,31.5,89.0,Low,High,4
Micro Zone,31.5,89.5,Low,Moderate,3
Micro Zone,31.5,90.0,Low,Moderate,3
Micro Zone,31.5,90.5,Low,High,4
Micro Zone,31.5,91.0,Low,Low,2
Micro Zone,31.5,91.5,Low,Moderate,3
Micro Zone,31.5,92.0,Moderate,Low,3
Micro Zone,31.5,92.5,High,High,6
Micro Zone,31.5,93.0,Low,High,4
Micro Zone,31.5,93.5,Low,Low,2
Micro Zone,31.5,94.0,Moderate,Moderate,4
Micro Zone,31.5,94.5,Moderate,Moderate,4
Micro Zone,31.5,95.0,High,Low,4
Micro Zone,31.5,95.5,High,High,6
Micro Zone,31.5,96.0,Low,High,4
Micro Zone,31.5,96.5,Low,High,4
Micro Zone,32.0,68.0,High,Moderate,5
Micro Zone,32.0,68.5,High,Moderate,5
Micro Zone,32.0,69.0,High,Moderate,5
Micro Zone,32.0,69.5,Moderate,High,5
Micro Zone,32.0,70.0,Moderate,Low,3
Micro Zone,32.0,70.5,High,Moderate,5
Micro Zone,32.0,71.0,Low,High,4
Micro Zone,32.0,71.5,Low,High,4
Micro Zone,32.0,72.0,High,High,6
Micro Zone,32.0,72.5,Low,High,4
Micro Zone,32.0,73.0,Low,Low,2
Micro Zone,32.0,73.5,High,High,6
Micro Zone,32.0,74.0,Low,High,4
Micro Zone,32.0,74.5,Low,Moderate,3
Micro Zone,32.0,75.0,Low,Moderate,3
Micro Zone,32.0,75.5,Low,Moderate,3
Micro Zone,32.0,76.0,Moderate,Moderate,4
Micro Zone,32.0,76.5,Moderate,Moderate,4
Micro Zone,32.0,77.0,High,Low,4
Micro Zone,32.0,77.5,High,Low,4
Micro Zone,32.0,78.0,Moderate,Moderate,4
Micro Zone,32.0,78.5,Moderate,Moderate,4
Micro Zone,32.0,79.0,High,High,6
Micro Zone,32.0,79.5,Low,High,4
Micro Zone,32.0,80.0,Moderate,High,5
Micro Zone,32.0,80.5,Moderate,High,5
Micro Zone,32.0,81.0,Low,High,4
Micro Zone,32.0,81.5,Moderate,Moderate,4
Micro Zone,32.0,82.0,Low,Moderate,3
Micro Zone,32.0,82.5,High,Low,4
Micro Zone,32.0,83.0,High,Moderate,5
Micro Zone,32.0,83.5,Low,High,4
Micro Zone,32.0,84.0,High,High,6
Micro Zone,32.0,84.5,High,Moderate,5
Micro Zone,32.0,85.0,High,Low,4
Micro Zone,32.0,85.5,Moderate,Moderate,4
Micro Zone,32.0,86.0,High,High,6
Micro Zone,32.0,86.5,Low,Low,2
Micro Zone,32.0,87.0,Low,High,4
Micro Zone,32.0,87.5,High,Moderate,5
Micro Zone,32.0,88.0,Low,Moderate,3
Micro Zone,32.0,88.5,Low,Moderate,3
Micro Zone,32.0,89.0,High,Low,4
Micro Zone,32.0,89.5,High,High,6
Micro Zone,32.0,90.0,High,Moderate,5
Micro Zone,32.0,90.5,High,Moderate,5
Micro Zone,32.0,91.0,Low,High,4
Micro Zone,32.0,91.5,Low,High,4
Micro Zone,32.0,92.0,Moderate,Moderate,4
Micro Zone,32.0,92.5,Low,Low,2
Micro Zone,32.0,93.0,Low,High,4
Micro Zone,32.0,93.5,High,Moderate,5
Micro Zone,32.0,94.0,Low,High,4
Micro Zone,32.0,94.5,High,Moderate,5
Micro Zone,32.0,95.0,Low,Moderate,3
Micro Zone,32.0,95.5,High,Low,4
Micro Zone,32.0,96.0,High,Moderate,5
Micro Zone,32.0,96.5,Moderate,Low,3
Micro Zone,32.5,68.0,High,Low,4
Micro Zone,32.5,68.5,High,High,6
Micro Zone,32.5,69.0,Moderate,High,5
Micro Zone,32.5,69.5,Moderate,Moderate,4
Micro Zone,32.5,70.0,Low,Low,2
Micro Zone,32.5,70.5,Low,Moderate,3
Micro Zone,32.5,71.0,Low,High,4
Micro Zone,32.5,71.5,Low,High,4
Micro Zone,32.5,72.0,Low,Moderate,3
Micro Zone,32.5,72.5,Moderate,High,5
Micro Zone,32.5,73.0,Low,High,4
Micro Zone,32.5,73.5,Moderate,High,5
Micro Zone,32.5,74.0,High,Moderate,5
Micro Zone,32.5,74.5,High,Low,4
Micro Zone,32.5,75.0,Low,Moderate,3
Micro Zone,32.5,75.5,Low,High,4
Micro Zone,32.5,76.0,Moderate,Moderate,4
Micro Zone,32.5,76.5,High,High,6
Micro Zone,32.5,77.0,Low,Moderate,3
Micro Zone,32.5,77.5,Low,Moderate,3
Micro Zone,32.5,78.0,Low,Moderate,3
Micro Zone,32.5,78.5,Moderate,High,5
Micro Zone,32.5,79.0,Low,High,4
Micro Zone,32.5,79.5,Moderate,Moderate,4
Micro Zone,32.5,80.0,Low,Low,2
Micro Zone,32.5,80.5,Moderate,Low,3
Micro Zone,32.5,81.0,Low,Low,2
Micro Zone,32.5,81.5,Low,Moderate,3
Micro Zone,32.5,82.0,High,Low,4
Micro Zone,32.5,82.5,High,High,6
Micro Zone,32.5,83.0,Low,Moderate,3
Micro Zone,32.5,83.5,High,High,6
Micro Zone,32.5,84.0,Low,Moderate,3
Micro Zone,32.5,84.5,Moderate,Moderate,4
Micro Zone,32.5,85.0,Low,Moderate,3
Micro Zone,32.5,85.5,Low,Moderate,3
Micro Zone,32.5,86.0,Low,High,4
Micro Zone,32.5,86.5,Low,Moderate,3
Micro Zone,32.5,87.0,Low,High,4
Micro Zone,32.5,87.5,Moderate,Low,3
Micro Zone,32.5,88.0,Moderate,Moderate,4
Micro Zone,32.5,88.5,Low,Moderate,3
Micro Zone,32.5,89.0,Low,Moderate,3
Micro Zone,32.5,89.5,Moderate,Low,3
Micro Zone,32.5,90.0,Low,Low,2
Micro Zone,32.5,90.5,Moderate,High,5
Micro Zone,32.5,91.0,High,Moderate,5
Micro Zone,32.5,91.5,Low,High,4
Micro Zone,32.5,92.0,Moderate,Moderate,4
Micro Zone,32.5,92.5,Low,High,4
Micro Zone,32.5,93.0,Low,High,4
Micro Zone,32.5,93.5,Moderate,High,5
Micro Zone,32.5,94.0,Low,Low,2
Micro Zone,32.5,94.5,Moderate,Moderate,4
Micro Zone,32.5,95.0,Moderate,Moderate,4
Micro Zone,32.5,95.5,Low,High,4
Micro Zone,32.5,96.0,High,High,6
Micro Zone,32.5,96.5,Low,Low,2
Micro Zone,33.0,68.0,Low,High,4
Micro Zone,33.0,68.5,Low,Moderate,3
Micro Zone,33.0,69.0,Moderate,Low,3
Micro Zone,33.0,69.5,Moderate,Moderate,4
Micro Zone,33.0,70.0,Moderate,High,5
Micro Zone,33.0,70.5,Moderate,Low,3
Micro Zone,33.0,71.0,Moderate,Moderate,4
Micro Zone,33.0,71.5,Moderate,Moderate,4
Micro Zone,33.0,72.0,Low,Low,2
Micro Zone,33.0,72.5,High,High,6
Micro Zone,33.0,73.0,Low,High,4
Micro Zone,33.0,73.5,Low,High,4
Micro Zone,33.0,74.0,Low,Moderate,3
Micro Zone,33.0,74.5,Low,Moderate,3
Micro Zone,33.0,75.0,Low,High,4
Micro Zone,33.0,75.5,Low,Low,2
Micro Zone,33.0,76.0,Low,Moderate,3
Micro Zone,33.0,76.5,Low,High,4
Micro Zone,33.0,77.0,Low,Moderate,3
Micro Zone,33.0,77.5,High,High,6
Micro Zone,33.0,78.0,Low,Moderate,3
Micro Zone,33.0,78.5,Low,High,4
Micro Zone,33.0,79.0,High,Low,4
Micro Zone,33.0,79.5,Low,Moderate,3
Micro Zone,33.0,80.0,Moderate,Moderate,4
Micro Zone,33.0,80.5,High,High,6
Micro Zone,33.0,81.0,High,High,6
Micro Zone,33.0,81.5,High,Moderate,5
Micro Zone,33.0,82.0,Moderate,Low,3
Micro Zone,33.0,82.5,Moderate,High,5
Micro Zone,33.0,83.0,High,Moderate,5
Micro Zone,33.0,83.5,Moderate,High,5
Micro Zone,33.0,84.0,Moderate,High,5
Micro Zone,33.0,84.5,Moderate,Moderate,4
Micro Zone,33.0,85.0,Moderate,High,5
Micro Zone,33.0,85.5,Moderate,Moderate,4
Micro Zone,33.0,86.0,Moderate,Moderate,4
Micro Zone,33.0,86.5,High,High,6
Micro Zone,33.0,87.0,High,Low,4
Micro Zone,33.0,87.5,Moderate,Moderate,4
Micro Zone,33.0,88.0,Moderate,Moderate,4
Micro Zone,33.0,88.5,Moderate,Moderate,4
Micro Zone,33.0,89.0,Moderate,High,5
Micro Zone,33.0,89.5,High,High,6
Micro Zone,33.0,90.0,Low,High,4
Micro Zone,33.0,90.5,Low,High,4
Micro Zone,33.0,91.0,High,High,6
Micro Zone,33.0,91.5,Low,High,4
Micro Zone,33.0,92.0,Moderate,Low,3
Micro Zone,33.0,92.5,High,Moderate,5
Micro Zone,33.0,93.0,Moderate,High,5
Micro Zone,33.0,93.5,Moderate,High,5
Micro Zone,33.0,94.0,Low,Moderate,3
Micro Zone,33.0,94.5,Moderate,High,5
Micro Zone,33.0,95.0,Low,High,4
Micro Zone,33.0,95.5,Moderate,High,5
Micro Zone,33.0,96.0,Moderate,High,5
Micro Zone,33.0,96.5,Moderate,Low,3
Micro Zone,33.5,68.0,High,Moderate,5
Micro Zone,33.5,68.5,High,Low,4
Micro Zone,33.5,69.0,Low,Moderate,3
Micro Zone,33.5,69.5,Moderate,High,5
Micro Zone,33.5,70.0,Moderate,Low,3
Micro Zone,33.5,70.5,Low,High,4
Micro Zone,33.5,71.0,High,High,6
Micro Zone,33.5,71.5,High,Moderate,5
Micro Zone,33.5,72.0,High,High,6
Micro Zone,33.5,72.5,Low,Moderate,3
Micro Zone,33.5,73.0,Moderate,High,5
Micro Zone,33.5,73.5,Moderate,Moderate,4
Micro Zone,33.5,74.0,High,Moderate,5
Micro Zone,33.5,74.5,High,Low,4
Micro Zone,33.5,75.0,Low,Moderate,3
Micro Zone,33.5,75.5,High,Moderate,5
Micro Zone,33.5,76.0,High,Moderate,5
Micro Zone,33.5,76.5,Moderate,Moderate,4
Micro Zone,33.5,77.0,Moderate,Low,3
Micro Zone,33.5,77.5,Low,High,4
Micro Zone,33.5,78.0,Moderate,Moderate,4
Micro Zone,33.5,78.5,Low,Low,2
Micro Zone,33.5,79.0,Moderate,Moderate,4
Micro Zone,33.5,79.5,High,High,6
Micro Zone,33.5,80.0,High,Moderate,5
Micro Zone,33.5,80.5,High,High,6
Micro Zone,33.5,81.0,Moderate,Moderate,4
Micro Zone,33.5,81.5,Moderate,High,5
Micro Zone,33.5,82.0,High,High,6
Micro Zone,33.5,82.5,Moderate,High,5
Micro Zone,33.5,83.0,High,Low,4
Micro Zone,33.5,83.5,Low,Moderate,3
Micro Zone,33.5,84.0,Moderate,Moderate,4
Micro Zone,33.5,84.5,Moderate,Moderate,4
Micro Zone,33.5,85.0,Low,High,4
Micro Zone,33.5,85.5,High,High,6
Micro Zone,33.5,86.0,High,High,6
Micro Zone,33.5,86.5,Low,Moderate,3
Micro Zone,33.5,87.0,Moderate,High,5
Micro Zone,33.5,87.5,Low,Moderate,3
Micro Zone,33.5,88.0,Low,Moderate,3
Micro Zone,33.5,88.5,High,Moderate,5
Micro Zone,33.5,89.0,Low,High,4
Micro Zone,33.5,89.5,High,Moderate,5
Micro Zone,33.5,90.0,Moderate,Moderate,4
Micro Zone,33.5,90.5,Moderate,Moderate,4
Micro Zone,33.5,91.0,High,Moderate,5
Micro Zone,33.5,91.5,High,High,6
Micro Zone,33.5,92.0,High,Moderate,5
Micro Zone,33.5,92.5,Low,High,4
Micro Zone,33.5,93.0,Moderate,High,5
Micro Zone,33.5,93.5,Low,Moderate,3
Micro Zone,33.5,94.0,Moderate,High,5
Micro Zone,33.5,94.5,Low,Low,2
Micro Zone,33.5,95.0,Moderate,Moderate,4
Micro Zone,33.5,95.5,High,Low,4
Micro Zone,33.5,96.0,Low,Moderate,3
Micro Zone,33.5,96.5,High,High,6
Micro Zone,34.0,68.0,Low,High,4
Micro Zone,34.0,68.5,Moderate,High,5
Micro Zone,34.0,69.0,Low,Low,2
Micro Zone,34.0,69.5,High,High,6
Micro Zone,34.0,70.0,Low,High,4
Micro Zone,34.0,70.5,Moderate,Moderate,4
Micro Zone,34.0,71.0,Moderate,Moderate,4
Micro Zone,34.0,71.5,High,Moderate,5
Micro Zone,34.0,72.0,High,Moderate,5
Micro Zone,34.0,72.5,Low,Moderate,3
Micro Zone,34.0,73.0,High,Moderate,5
Micro Zone,34.0,73.5,High,Low,4
Micro Zone,34.0,74.0,Moderate,High,5
Micro Zone,34.0,74.5,Moderate,Moderate,4
Micro Zone,34.0,75.0,Low,Low,2
Micro Zone,34.0,75.5,High,Moderate,5
Micro Zone,34.0,76.0,Moderate,High,5
Micro Zone,34.0,76.5,Low,Low,2
Micro Zone,34.0,77.0,Moderate,Moderate,4
Micro Zone,34.0,77.5,High,Moderate,5
Micro Zone,34.0,78.0,High,Low,4
Micro Zone,34.0,78.5,High,Low,4
Micro Zone,34.0,79.0,Low,High,4
Micro Zone,34.0,79.5,High,High,6
Micro Zone,34.0,80.0,High,Low,4
Micro Zone,34.0,80.5,High,High,6
Micro Zone,34.0,81.0,Low,Moderate,3
Micro Zone,34.0,81.5,Moderate,High,5
Micro Zone,34.0,82.0,Low,Moderate,3
Micro Zone,34.0,82.5,Moderate,Moderate,4
Micro Zone,34.0,83.0,Low,Low,2
Micro Zone,34.0,83.5,Moderate,Moderate,4
Micro Zone,34.0,84.0,Moderate,Low,3
Micro Zone,34.0,84.5,Moderate,Moderate,4
Micro Zone,34.0,85.0,High,High,6
Micro Zone,34.0,85.5,Low,Low,2
Micro Zone,34.0,86.0,Moderate,Moderate,4
Micro Zone,34.0,86.5,Low,High,4
Micro Zone,34.0,87.0,Low,High,4
Micro Zone,34.0,87.5,Moderate,Moderate,4
Micro Zone,34.0,88.0,Moderate,Moderate,4
Micro Zone,34.0,88.5,Low,High,4
Micro Zone,34.0,89.0,High,Moderate,5
Micro Zone,34.0,89.5,Moderate,High,5
Micro Zone,34.0,90.0,Moderate,Low,3
Micro Zone,34.0,90.5,Low,Low,2
Micro Zone,34.0,91.0,Moderate,High,5
Micro Zone,34.0,91.5,Moderate,Moderate,4
Micro Zone,34.0,92.0,Moderate,High,5
Micro Zone,34.0,92.5,Low,Low,2
Micro Zone,34.0,93.0,High,Moderate,5
Micro Zone,34.0,93.5,High,Moderate,5
Micro Zone,34.0,94.0,Moderate,Moderate,4
Micro Zone,34.0,94.5,Moderate,High,5
Micro Zone,34.0,95.0,Moderate,Moderate,4
Micro Zone,34.0,95.5,High,High,6
Micro Zone,34.0,96.0,Low,Moderate,3
Micro Zone,34.0,96.5,Low,High,4
Micro Zone,34.5,68.0,High,High,6
Micro Zone,34.5,68.5,High,High,6
Micro Zone,34.5,69.0,Low,Low,2
Micro Zone,34.5,69.5,Moderate,High,5
Micro Zone,34.5,70.0,Low,High,4
Micro Zone,34.5,70.5,Moderate,Low,3
Micro Zone,34.5,71.0,Low,Low,2
Micro Zone,34.5,71.5,Moderate,High,5
Micro Zone,34.5,72.0,Low,Moderate,3
Micro Zone,34.5,72.5,Low,Low,2
Micro Zone,34.5,73.0,High,High,6
Micro Zone,34.5,73.5,Moderate,Moderate,4
Micro Zone,34.5,74.0,Low,High,4
Micro Zone,34.5,74.5,Low,Low,2
Micro Zone,34.5,75.0,High,Moderate,5
Micro Zone,34.5,75.5,High,Moderate,5
Micro Zone,34.5,76.0,Moderate,High,5
Micro Zone,34.5,76.5,High,Moderate,5
Micro Zone,34.5,77.0,High,Low,4
Micro Zone,34.5,77.5,Low,High,4
Micro Zone,34.5,78.0,High,High,6
Micro Zone,34.5,78.5,Low,High,4
Micro Zone,34.5,79.0,Low,Moderate,3
Micro Zone,34.5,79.5,High,Moderate,5
Micro Zone,34.5,80.0,Moderate,Moderate,4
Micro Zone,34.5,80.5,Low,Moderate,3
Micro Zone,34.5,81.0,Low,Low,2
Micro Zone,34.5,81.5,High,High,6
Micro Zone,34.5,82.0,Low,Low,2
Micro Zone,34.5,82.5,Low,Low,2
Micro Zone,34.5,83.0,Low,Moderate,3
Micro Zone,34.5,83.5,High,Low,4
Micro Zone,34.5,84.0,High,High,6
Micro Zone,34.5,84.5,High,High,6
Micro Zone,34.5,85.0,Moderate,Moderate,4
Micro Zone,34.5,85.5,High,Moderate,5
Micro Zone,34.5,86.0,Low,High,4
Micro Zone,34.5,86.5,Low,Moderate,3
Micro Zone,34.5,87.0,Moderate,Moderate,4
Micro Zone,34.5,87.5,Moderate,Low,3
Micro Zone,34.5,88.0,Moderate,High,5
Micro Zone,34.5,88.5,High,High,6
Micro Zone,34.5,89.0,Low,High,4
Micro Zone,34.5,89.5,Moderate,High,5
Micro Zone,34.5,90.0,High,Moderate,5
Micro Zone,34.5,90.5,Low,Moderate,3
Micro Zone,34.5,91.0,High,Low,4
Micro Zone,34.5,91.5,Moderate,Moderate,4
Micro Zone,34.5,92.0,Moderate,High,5
Micro Zone,34.5,92.5,Low,Moderate,3
Micro Zone,34.5,93.0,Low,Moderate,3
Micro Zone,34.5,93.5,Moderate,High,5
Micro Zone,34.5,94.0,High,High,6
Micro Zone,34.5,94.5,High,Moderate,5
Micro Zone,34.5,95.0,High,Low,4
Micro Zone,34.5,95.5,Low,Low,2
Micro Zone,34.5,96.0,Low,Moderate,3
Micro Zone,34.5,96.5,Moderate,High,5
Micro Zone,35.0,68.0,Moderate,Moderate,4
Micro Zone,35.0,68.5,Low,Moderate,3
Micro Zone,35.0,69.0,High,Low,4
Micro Zone,35.0,69.5,Low,High,4
Micro Zone,35.0,70.0,Moderate,Low,3
Micro Zone,35.0,70.5,Low,Low,2
Micro Zone,35.0,71.0,High,Low,4
Micro Zone,35.0,71.5,Moderate,High,5
Micro Zone,35.0,72.0,Moderate,Moderate,4
Micro Zone,35.0,72.5,Moderate,High,5
Micro Zone,35.0,73.0,High,High,6
Micro Zone,35.0,73.5,High,High,6
Micro Zone,35.0,74.0,High,High,6
Micro Zone,35.0,74.5,High,High,6
Micro Zone,35.0,75.0,Moderate,High,5
Micro Zone,35.0,75.5,Moderate,Moderate,4
Micro Zone,35.0,76.0,Low,High,4
Micro Zone,35.0,76.5,Low,Moderate,3
Micro Zone,35.0,77.0,Moderate,High,5
Micro Zone,35.0,77.5,High,Moderate,5
Micro Zone,35.0,78.0,High,High,6
Micro Zone,35.0,78.5,High,High,6
Micro Zone,35.0,79.0,Low,Moderate,3
Micro Zone,35.0,79.5,Low,High,4
Micro Zone,35.0,80.0,Low,Moderate,3
Micro Zone,35.0,80.5,High,High,6
Micro Zone,35.0,81.0,Moderate,Moderate,4
Micro Zone,35.0,81.5,High,Moderate,5
Micro Zone,35.0,82.0,High,Low,4
Micro Zone,35.0,82.5,High,Moderate,5
Micro Zone,35.0,83.0,High,Moderate,5
Micro Zone,35.0,83.5,High,Moderate,5
Micro Zone,35.0,84.0,Moderate,High,5
Micro Zone,35.0,84.5,High,Moderate,5
Micro Zone,35.0,85.0,High,Moderate,5
Micro Zone,35.0,85.5,High,Moderate,5
Micro Zone,35.0,86.0,Low,Moderate,3
Micro Zone,35.0,86.5,High,Moderate,5
Micro Zone,35.0,87.0,Moderate,High,5
Micro Zone,35.0,87.5,High,Moderate,5
Micro Zone,35.0,88.0,Low,Moderate,3
Micro Zone,35.0,88.5,Low,Low,2
Micro Zone,35.0,89.0,Low,Low,2
Micro Zone,35.0,89.5,Low,High,4
Micro Zone,35.0,90.0,Moderate,Moderate,4
Micro Zone,35.0,90.5,High,High,6
Micro Zone,35.0,91.0,Low,High,4
Micro Zone,35.0,91.5,High,Low,4
Micro Zone,35.0,92.0,Moderate,Moderate,4
Micro Zone,35.0,92.5,High,High,6
Micro Zone,35.0,93.0,Low,Moderate,3
Micro Zone,35.0,93.5,Low,Moderate,3
Micro Zone,35.0,94.0,Low,Moderate,3
Micro Zone,35.0,94.5,High,High,6
Micro Zone,35.0,95.0,High,High,6
Micro Zone,35.0,95.5,High,High,6
Micro Zone,35.0,96.0,Low,Moderate,3
Micro Zone,35.0,96.5,Low,High,4
Micro Zone,35.5,68.0,Moderate,Moderate,4
Micro Zone,35.5,68.5,High,Moderate,5
Micro Zone,35.5,69.0,Low,Moderate,3
Micro Zone,35.5,69.5,High,Moderate,5
Micro Zone,35.5,70.0,High,Moderate,5
Micro Zone,35.5,70.5,Low,Moderate,3
Micro Zone,35.5,71.0,Low,Moderate,3
Micro Zone,35.5,71.5,Low,Moderate,3
Micro Zone,35.5,72.0,High,Moderate,5
Micro Zone,35.5,72.5,Low,High,4
Micro Zone,35.5,73.0,Low,Moderate,3
Micro Zone,35.5,73.5,Moderate,High,5
Micro Zone,35.5,74.0,Low,Moderate,3
Micro Zone,35.5,74.5,Low,Low,2
Micro Zone,35.5,75.0,High,High,6
Micro Zone,35.5,75.5,High,Moderate,5
Micro Zone,35.5,76.0,High,Moderate,5
Micro Zone,35.5,76.5,Low,High,4
Micro Zone,35.5,77.0,Moderate,Low,3
Micro Zone,35.5,77.5,Low,Moderate,3
Micro Zone,35.5,78.0,High,Low,4
Micro Zone,35.5,78.5,Low,Low,2
Micro Zone,35.5,79.0,Low,High,4
Micro Zone,35.5,79.5,Low,Moderate,3
Micro Zone,35.5,80.0,High,High,6
Micro Zone,35.5,80.5,High,Moderate,5
Micro Zone,35.5,81.0,High,Moderate,5
Micro Zone,35.5,81.5,High,High,6
Micro Zone,35.5,82.0,High,Moderate,5
Micro Zone,35.5,82.5,Low,Moderate,3
Micro Zone,35.5,83.0,Moderate,Moderate,4
Micro Zone,35.5,83.5,High,High,6
Micro Zone,35.5,84.0,Moderate,Low,3
Micro Zone,35.5,84.5,High,Moderate,5
Micro Zone,35.5,85.0,Moderate,High,5
Micro Zone,35.5,85.5,Moderate,High,5
Micro Zone,35.5,86.0,High,High,6
Micro Zone,35.5,86.5,Moderate,Moderate,4
Micro Zone,35.5,87.0,Low,Low,2
Micro Zone,35.5,87.5,Low,High,4
Micro Zone,35.5,88.0,Low,Low,2
Micro Zone,35.5,88.5,Low,High,4
Micro Zone,35.5,89.0,Moderate,Moderate,4
Micro Zone,35.5,89.5,High,Low,4
Micro Zone,35.5,90.0,High,Low,4
Micro Zone,35.5,90.5,High,Moderate,5
Micro Zone,35.5,91.0,Moderate,Moderate,4
Micro Zone,35.5,91.5,Low,Low,2
Micro Zone,35.5,92.0,Moderate,Moderate,4
Micro Zone,35.5,92.5,Low,Moderate,3
Micro Zone,35.5,93.0,Low,High,4
Micro Zone,35.5,93.5,Low,Low,2
Micro Zone,35.5,94.0,High,High,6
Micro Zone,35.5,94.5,High,Moderate,5
Micro Zone,35.5,95.0,Moderate,High,5
Micro Zone,35.5,95.5,Low,Low,2
Micro Zone,35.5,96.0,Low,Low,2
Micro Zone,35.5,96.5,High,High,6
Micro Zone,36.0,68.0,Moderate,High,5
Micro Zone,36.0,68.5,High,High,6
Micro Zone,36.0,69.0,High,High,6
Micro Zone,36.0,69.5,Low,High,4
Micro Zone,36.0,70.0,High,High,6
Micro Zone,36.0,70.5,Low,High,4
Micro Zone,36.0,71.0,Moderate,High,5
Micro Zone,36.0,71.5,Low,Moderate,3
Micro Zone,36.0,72.0,Moderate,High,5
Micro Zone,36.0,72.5,High,High,6
Micro Zone,36.0,73.0,Moderate,Moderate,4
Micro Zone,36.0,73.5,High,Moderate,5
Micro Zone,36.0,74.0,Low,Low,2
Micro Zone,36.0,74.5,High,Low,4
Micro Zone,36.0,75.0,Moderate,High,5
Micro Zone,36.0,75.5,High,High,6
Micro Zone,36.0,76.0,Moderate,High,5
Micro Zone,36.0,76.5,High,Low,4
Micro Zone,36.0,77.0,Moderate,Low,3
Micro Zone,36.0,77.5,High,High,6
Micro Zone,36.0,78.0,Moderate,Moderate,4
Micro Zone,36.0,78.5,Low,Low,2
Micro Zone,36.0,79.0,High,High,6
Micro Zone,36.0,79.5,High,High,6
Micro Zone,36.0,80.0,Low,High,4
Micro Zone,36.0,80.5,Moderate,High,5
Micro Zone,36.0,81.0,High,Low,4
Micro Zone,36.0,81.5,Moderate,Low,3
Micro Zone,36.0,82.0,High,Moderate,5
Micro Zone,36.0,82.5,Low,Moderate,3
Micro Zone,36.0,83.0,Low,High,4
Micro Zone,36.0,83.5,High,High,6
Micro Zone,36.0,84.0,Low,Moderate,3
Micro Zone,36.0,84.5,Moderate,Moderate,4
Micro Zone,36.0,85.0,High,High,6
Micro Zone,36.0,85.5,High,Moderate,5
Micro Zone,36.0,86.0,High,Moderate,5
Micro Zone,36.0,86.5,Low,High,4
Micro Zone,36.0,87.0,Moderate,High,5
Micro Zone,36.0,87.5,Moderate,High,5
Micro Zone,36.0,88.0,Moderate,Low,3
Micro Zone,36.0,88.5,Moderate,Low,3
Micro Zone,36.0,89.0,Low,Low,2
Micro Zone,36.0,89.5,Low,High,4
Micro Zone,36.0,90.0,Moderate,Moderate,4
Micro Zone,36.0,90.5,Moderate,High,5
Micro Zone,36.0,91.0,High,High,6
Micro Zone,36.0,91.5,Low,High,4
Micro Zone,36.0,92.0,High,High,6
Micro Zone,36.0,92.5,Moderate,Moderate,4
Micro Zone,36.0,93.0,Moderate,Moderate,4
Micro Zone,36.0,93.5,Moderate,High,5
Micro Zone,36.0,94.0,Low,High,4
Micro Zone,36.0,94.5,High,Moderate,5
Micro Zone,36.0,95.0,Moderate,Moderate,4
Micro Zone,36.0,95.5,Low,Moderate,3
Micro Zone,36.0,96.0,High,Moderate,5
Micro Zone,36.0,96.5,Moderate,High,5
Micro Zone,36.5,68.0,High,High,6
Micro Zone,36.5,68.5,Moderate,Low,3
Micro Zone,36.5,69.0,High,High,6
Micro Zone,36.5,69.5,Low,Moderate,3
Micro Zone,36.5,70.0,High,Low,4
Micro Zone,36.5,70.5,Low,High,4
Micro Zone,36.5,71.0,Moderate,Moderate,4
Micro Zone,36.5,71.5,Low,High,4
Micro Zone,36.5,72.0,High,High,6
Micro Zone,36.5,72.5,Low,High,4
Micro Zone,36.5,73.0,Moderate,Moderate,4
Micro Zone,36.5,73.5,Moderate,High,5
Micro Zone,36.5,74.0,Low,Moderate,3
Micro Zone,36.5,74.5,Moderate,Moderate,4
Micro Zone,36.5,75.0,Low,High,4
Micro Zone,36.5,75.5,Low,High,4
Micro Zone,36.5,76.0,High,High,6
Micro Zone,36.5,76.5,High,Moderate,5
Micro Zone,36.5,77.0,Moderate,Moderate,4
Micro Zone,36.5,77.5,High,Moderate,5
Micro Zone,36.5,78.0,Moderate,High,5
Micro Zone,36.5,78.5,Low,Moderate,3
Micro Zone,36.5,79.0,Moderate,Low,3
Micro Zone,36.5,79.5,Low,Moderate,3
Micro Zone,36.5,80.0,Low,Low,2
Micro Zone,36.5,80.5,High,High,6
Micro Zone,36.5,81.0,High,High,6
Micro Zone,36.5,81.5,High,Moderate,5
Micro Zone,36.5,82.0,Moderate,Moderate,4
Micro Zone,36.5,82.5,Low,High,4
Micro Zone,36.5,83.0,Moderate,High,5
Micro Zone,36.5,83.5,Moderate,Moderate,4
Micro Zone,36.5,84.0,Moderate,High,5
Micro Zone,36.5,84.5,Low,Moderate,3
Micro Zone,36.5,85.0,High,High,6
Micro Zone,36.5,85.5,Moderate,Low,3
Micro Zone,36.5,86.0,Moderate,Low,3
Micro Zone,36.5,86.5,High,High,6
Micro Zone,36.5,87.0,Low,Low,2
Micro Zone,36.5,87.5,High,Low,4
Micro Zone,36.5,88.0,High,High,6
Micro Zone,36.5,88.5,Moderate,Moderate,4
Micro Zone,36.5,89.0,Low,Moderate,3
Micro Zone,36.5,89.5,Moderate,Moderate,4
Micro Zone,36.5,90.0,Low,Moderate,3
Micro Zone,36.5,90.5,Moderate,Moderate,4
Micro Zone,36.5,91.0,Low,Moderate,3
Micro Zone,36.5,91.5,Low,Moderate,3
Micro Zone,36.5,92.0,Moderate,High,5
Micro Zone,36.5,92.5,Moderate,High,5
Micro Zone,36.5,93.0,Moderate,Moderate,4
Micro Zone,36.5,93.5,Low,Low,2
Micro Zone,36.5,94.0,Moderate,Moderate,4
Micro Zone,36.5,94.5,Low,Moderate,3
Micro Zone,36.5,95.0,Low,High,4
Micro Zone,36.5,95.5,Low,High,4
Micro Zone,36.5,96.0,High,Moderate,5
Micro Zone,36.5,96.5,Low,Moderate,3
